Date,Symbol,SecurityName,ClientName,Buy/Sell,QuantityTraded,TradePrice/Wght.Avg.Price,Remarks
13-AUG-2026,THYROCARE,Thyrocare Tech Ltd,ADITYA BIRLA SUN LIFE MUTUAL FUND,BUY,"6,50,000",624.00,
13-AUG-2026,THYROCARE,Thyrocare Tech Ltd,ALPHA ALTERNATIVES EQUITY ABSOLUTE RETURN FUND,BUY,"4,48,717",624.00,
13-AUG-2026,THYROCARE,Thyrocare Tech Ltd,ASHOKA WHITEOAK ICAV-ASHOKA WHITEOAK EMERGING MARKETS EQUITY FUND,BUY,"5,61,000",624.00,
13-AUG-2026,THYROCARE,Thyrocare Tech Ltd,CITIGROUP GLOBAL MARKETS MAURITIUS PRIVATE LIMITED,BUY,"4,01,000",624.00,
13-AUG-2026,THYROCARE,Thyrocare Tech Ltd,DOCON TECHNOLOGIES PRIVATE LIMITED,SELL,"1,31,68,657",624.00,
13-AUG-2026,THYROCARE,Thyrocare Tech Ltd,DSP MUTUAL FUND,BUY,"13,21,363",624.00,
13-AUG-2026,THYROCARE,Thyrocare Tech Ltd,HBM HEALTHCARE INVESTMENTS (CAYMAN) LTD,BUY,"7,61,000",624.00,
13-AUG-2026,THYROCARE,Thyrocare Tech Ltd,HSBC MUTUAL FUND,BUY,"29,99,731",624.00,
13-AUG-2026,THYROCARE,Thyrocare Tech Ltd,ICICI PRUDENTIAL MUTUAL FUND,BUY,"8,01,000",624.00,
13-AUG-2026,THYROCARE,Thyrocare Tech Ltd,ITI MUTUAL FUND,BUY,"4,01,000",624.00,
13-AUG-2026,THYROCARE,Thyrocare Tech Ltd,KOTAK MAHINDRA LIFE INSURANCE COMPANY LIMITED,BUY,"24,00,000",624.00,
13-AUG-2026,THYROCARE,Thyrocare Tech Ltd,KUWAIT INVESTMENT AUTHORITY,BUY,"4,01,000",624.00,
13-AUG-2026,THYROCARE,Thyrocare Tech Ltd,MORGAN STANLEY ASIA SINGAPORE PTE,BUY,"4,56,000",624.00,
13-AUG-2026,THYROCARE,Thyrocare Tech Ltd,MORGAN STANLEY ASIA SINGAPORE PTE,BUY,"4,44,846",624.00,
13-AUG-2026,THYROCARE,Thyrocare Tech Ltd,TATA AIA LIFE INSURANCE COMPANY LIMITED,BUY,"4,81,000",624.00,
13-AUG-2026,THYROCARE,Thyrocare Tech Ltd,WHITEOAK CAPITAL MUTUAL FUND,BUY,"6,41,000",624.00,
13-AUG-2026,URBANCO,Urban Company Limited,ACCEL INDIA IV (MAURITIUS) LIMITED,SELL,"2,00,00,000",136.00,
13-AUG-2026,URBANCO,Urban Company Limited,SBI MUTUAL FUND,BUY,"3,15,00,022",136.00,
13-AUG-2026,URBANCO,Urban Company Limited,VY EM2 LIMITED,SELL,"18,68,585",136.00,
13-AUG-2026,URBANCO,Urban Company Limited,VYC11 LIMITED,SELL,"96,31,437",136.00,
17-AUG-2026,STYLEBAAZA,Baazar Style Retail Ltd,ADITYA KUMAR HALWASIYA,BUY,"45,00,000",362.00,
17-AUG-2026,STYLEBAAZA,Baazar Style Retail Ltd,BHAGWAN  PRASAD,SELL,"15,00,000",362.00,
17-AUG-2026,STYLEBAAZA,Baazar Style Retail Ltd,SHREYANS SURANA,SELL,"21,00,000",362.00,
17-AUG-2026,STYLEBAAZA,Baazar Style Retail Ltd,SIDHARTH  SURANA,SELL,"9,00,000",362.00,
18-AUG-2026,PAYTM,One 97 Communications Ltd,ADITYA BIRLA SUN LIFE MUTUAL FUND,BUY,"4,606","1,535.10",
18-AUG-2026,PAYTM,One 97 Communications Ltd,ADITYA BIRLA SUN LIFE MUTUAL FUND,BUY,"15,354","1,535.10",
18-AUG-2026,PAYTM,One 97 Communications Ltd,ADITYA BIRLA SUN LIFE MUTUAL FUND,BUY,"30,005","1,535.10",
18-AUG-2026,PAYTM,One 97 Communications Ltd,ADITYA BIRLA SUN LIFE MUTUAL FUND,BUY,"80,014","1,535.10",
18-AUG-2026,PAYTM,One 97 Communications Ltd,ADITYA BIRLA SUN LIFE MUTUAL FUND,BUY,"1,20,021","1,535.10",
18-AUG-2026,PAYTM,One 97 Communications Ltd,BNP PARIBAS FINANCIAL MARKETS - ODI,BUY,"2,00,000","1,535.10",
18-AUG-2026,PAYTM,One 97 Communications Ltd,GHISALLO MASTER FUND LP,BUY,"1,90,000","1,535.10",
18-AUG-2026,PAYTM,One 97 Communications Ltd,GOLDMAN SACHS BANK EUROPE SE,BUY,"22,55,000","1,535.10",
18-AUG-2026,PAYTM,One 97 Communications Ltd,HDFC MUTUAL FUND,BUY,"81,428","1,535.10",
18-AUG-2026,PAYTM,One 97 Communications Ltd,HDFC MUTUAL FUND.,BUY,"81,428","1,535.10",
18-AUG-2026,PAYTM,One 97 Communications Ltd,HSBC MUTUAL FUND,BUY,"1,55,000","1,535.10",
18-AUG-2026,PAYTM,One 97 Communications Ltd,HSBC MUTUAL FUND,BUY,"1,70,497","1,535.10",
18-AUG-2026,PAYTM,One 97 Communications Ltd,HSBC MUTUAL FUND,BUY,"6,04,503","1,535.10",
18-AUG-2026,PAYTM,One 97 Communications Ltd,ICICI PRUDENTIAL LIFE INSURANCE COMPANY LIMITED,BUY,"4,60,000","1,535.10",
18-AUG-2026,PAYTM,One 97 Communications Ltd,INTEGRATED CORE STRATEGIES (ASIA) PTE. LTD.,BUY,"9,30,000","1,535.10",
18-AUG-2026,PAYTM,One 97 Communications Ltd,KOTAK MAHINDRA MUTUAL FUND,BUY,"1,90,000","1,535.10",
18-AUG-2026,PAYTM,One 97 Communications Ltd,MY ASIAN OPPORTUNITIES MASTER FUND,BUY,"14,50,000","1,535.10",
18-AUG-2026,PAYTM,One 97 Communications Ltd,NORTH ROCK SG VCC,BUY,"5,75,000","1,535.10",
18-AUG-2026,PAYTM,One 97 Communications Ltd,OXBOW INDIA FUND,BUY,"18,750","1,535.10",
18-AUG-2026,PAYTM,One 97 Communications Ltd,OXBOW MASTER FUND LIMITED,BUY,"6,44,973","1,535.10",
18-AUG-2026,PAYTM,One 97 Communications Ltd,RESILIENT ASSET MANAGEMENT B V,SELL,"1,92,10,110","1,535.10",
18-AUG-2026,PAYTM,One 97 Communications Ltd,SBI MUTUAL FUND,BUY,"3,26,250","1,535.10",
18-AUG-2026,PAYTM,One 97 Communications Ltd,SBI MUTUAL FUND,BUY,"27,49,563","1,535.10",
18-AUG-2026,PAYTM,One 97 Communications Ltd,SBI MUTUAL FUND,BUY,"13,75,050","1,535.10",
18-AUG-2026,PAYTM,One 97 Communications Ltd,SBI MUTUAL FUND,BUY,"5,50,020","1,535.10",
18-AUG-2026,PAYTM,One 97 Communications Ltd,SBI MUTUAL FUND,BUY,"4,12,515","1,535.10",
18-AUG-2026,PAYTM,One 97 Communications Ltd,SOCIETE GENERALE,BUY,"28,40,000","1,535.10",
18-AUG-2026,PAYTM,One 97 Communications Ltd,SUNDARAM MUTUAL FUND,BUY,"43,661","1,535.10",
18-AUG-2026,PAYTM,One 97 Communications Ltd,SUNDARAM MUTUAL FUND,BUY,"32,570","1,535.10",
18-AUG-2026,PAYTM,One 97 Communications Ltd,SUNDARAM MUTUAL FUND,BUY,"65,145","1,535.10",
18-AUG-2026,PAYTM,One 97 Communications Ltd,SUNDARAM MUTUAL FUND,BUY,"1,78,624","1,535.10",
18-AUG-2026,PAYTM,One 97 Communications Ltd,TATA AIA LIFE INSURANCE COMPANY LIMITED,BUY,"22,181","1,535.10",
18-AUG-2026,PAYTM,One 97 Communications Ltd,TATA AIA LIFE INSURANCE COMPANY LIMITED,BUY,"2,259","1,535.10",
18-AUG-2026,PAYTM,One 97 Communications Ltd,TATA AIA LIFE INSURANCE COMPANY LIMITED,BUY,556,"1,535.10",
18-AUG-2026,PAYTM,One 97 Communications Ltd,TATA AIA LIFE INSURANCE COMPANY LIMITED,BUY,"32,057","1,535.10",
18-AUG-2026,PAYTM,One 97 Communications Ltd,TATA AIA LIFE INSURANCE COMPANY LIMITED,BUY,"4,11,198","1,535.10",
18-AUG-2026,PAYTM,One 97 Communications Ltd,TATA AIA LIFE INSURANCE COMPANY LIMITED,BUY,"4,62,417","1,535.10",
18-AUG-2026,PAYTM,One 97 Communications Ltd,TATA AIA LIFE INSURANCE COMPANY LIMITED,BUY,"34,747","1,535.10",
18-AUG-2026,PAYTM,One 97 Communications Ltd,TATA AIA LIFE INSURANCE COMPANY LIMITED,BUY,"81,589","1,535.10",
18-AUG-2026,PAYTM,One 97 Communications Ltd,TATA AIA LIFE INSURANCE COMPANY LIMITED,BUY,"2,03,180","1,535.10",
18-AUG-2026,PAYTM,One 97 Communications Ltd,TATA AIA LIFE INSURANCE COMPANY LIMITED,BUY,"3,05,816","1,535.10",
18-AUG-2026,PAYTM,One 97 Communications Ltd,TATA MUTUAL FUND,BUY,856,"1,535.10",
18-AUG-2026,PAYTM,One 97 Communications Ltd,TATA MUTUAL FUND,BUY,"72,000","1,535.10",
18-AUG-2026,PAYTM,One 97 Communications Ltd,TATA MUTUAL FUND,BUY,"90,000","1,535.10",
18-AUG-2026,PAYTM,One 97 Communications Ltd,VIRIDIAN ASIA OPPORTUNITIES MASTER FUND,BUY,"5,75,000","1,535.10",
18-AUG-2026,PAYTM,One 97 Communications Ltd,VITTORIA FUND-OC,BUY,"86,277","1,535.10",
20-AUG-2026,KFINTECH,Kfin Technologies Limited,BANDHAN MUTUAL FUND,BUY,"5,18,919",925.00,
20-AUG-2026,KFINTECH,Kfin Technologies Limited,CITIGROUP GLOBAL MARKETS SINGAPORE PTE LIMITED,BUY,"2,70,275",925.00,
20-AUG-2026,KFINTECH,Kfin Technologies Limited,EDELWEISS MUTUAL FUND,BUY,"10,81,081",925.00,
20-AUG-2026,KFINTECH,Kfin Technologies Limited,GENERAL ATLANTIC SINGAPORE FUND PTE LTD,SELL,"1,51,35,135",925.00,
20-AUG-2026,KFINTECH,Kfin Technologies Limited,HSBC MUTUAL FUND,BUY,"17,83,784",925.00,
20-AUG-2026,KFINTECH,Kfin Technologies Limited,ICICI LOMBARD GENERAL INSURANCE CO LTD,BUY,"2,81,081",925.00,
20-AUG-2026,KFINTECH,Kfin Technologies Limited,ICICI PRUDENTIAL LIFE INSURANCE COMPANY LIMITED,BUY,"5,40,541",925.00,
20-AUG-2026,KFINTECH,Kfin Technologies Limited,INVESCO MUTUAL FUND,BUY,"43,24,324",925.00,
20-AUG-2026,KFINTECH,Kfin Technologies Limited,KOTAK MAHINDRA MUTUAL FUND,BUY,"20,00,000",925.00,
20-AUG-2026,KFINTECH,Kfin Technologies Limited,MIRAE ASSET MUTUAL FUND,BUY,"25,62,162",925.00,
20-AUG-2026,KFINTECH,Kfin Technologies Limited,MORGAN STANLEY ASIA SINGAPORE PTE,BUY,"2,70,275",925.00,
20-AUG-2026,KFINTECH,Kfin Technologies Limited,MOTILAL OSWAL MUTUAL FUND,BUY,"9,83,784",925.00,
20-AUG-2026,KFINTECH,Kfin Technologies Limited,SOCIETE GENERALE,BUY,"5,18,909",925.00,
20-AUG-2026,NXT-INFRA,Nxt-Infra Trust,ACTIS HIGHWAY INFRA LIMITED,SELL,"1,91,25,000",93.85,
20-AUG-2026,NXT-INFRA,Nxt-Infra Trust,KOTAK MAHINDRA BANK LIMITED,BUY,"95,50,000",93.85,
20-AUG-2026,NXT-INFRA,Nxt-Infra Trust,LARSEN & TOUBRO LIMITED,BUY,"95,75,000",93.85,
21-AUG-2026,AMAGI,Amagi Media Labs Limited,ACCEL GROWTH VI HOLDINGS (MAURITIUS) LTD.,SELL,"27,27,000",560.00,
21-AUG-2026,AMAGI,Amagi Media Labs Limited,ACCEL INDIA VI (MAURITIUS) LTD.,SELL,"27,27,000",560.00,
21-AUG-2026,AMAGI,Amagi Media Labs Limited,AVP I FUND,SELL,"18,64,948",560.00,
21-AUG-2026,AMAGI,Amagi Media Labs Limited,BARODA BNP PARIBAS MUTUAL FUND,BUY,"4,46,429",560.00,
21-AUG-2026,AMAGI,Amagi Media Labs Limited,BOFA SECURITIES EUROPE SA,BUY,"2,23,231",560.00,
21-AUG-2026,AMAGI,Amagi Media Labs Limited,BOFA SECURITIES EUROPE SA,BUY,"2,23,200",560.00,
21-AUG-2026,AMAGI,Amagi Media Labs Limited,DT FUND,BUY,"2,05,357",560.00,
21-AUG-2026,AMAGI,Amagi Media Labs Limited,EDELWEISS MUTUAL FUND,BUY,"4,46,429",560.00,
21-AUG-2026,AMAGI,Amagi Media Labs Limited,GP EMERGING MARKETS STRATEGIES LP,BUY,"98,215",560.00,
21-AUG-2026,AMAGI,Amagi Media Labs Limited,HDFC STANDARD LIFE INSURANCE COMPANY LTD,BUY,"17,85,713",560.00,
21-AUG-2026,AMAGI,Amagi Media Labs Limited,ICICI PRUDENTIAL MUTUAL FUND,BUY,"9,34,444",560.00,
21-AUG-2026,AMAGI,Amagi Media Labs Limited,SBI MUTUAL FUND,BUY,"18,40,979",560.00,
21-AUG-2026,AMAGI,Amagi Media Labs Limited,SBI MUTUAL FUND,BUY,"32,48,305",560.00,
21-AUG-2026,AMAGI,Amagi Media Labs Limited,SUSQUEHANNA PACIFIC PTY LTD,BUY,"4,46,429",560.00,
21-AUG-2026,AMAGI,Amagi Media Labs Limited,TATA MUTUAL FUND,BUY,"4,46,433",560.00,
21-AUG-2026,AMAGI,Amagi Media Labs Limited,TRUDY HOLDINGS,SELL,"31,69,073",560.00,
21-AUG-2026,AMAGI,Amagi Media Labs Limited,UNIVERSITY OF NOTRE DAME DU LAC,BUY,"1,42,857",560.00,
21-AUG-2026,NXT-INFRA,Nxt-Infra Trust,ACTIS HIGHWAY INFRA LIMITED,SELL,"2,63,50,000",93.85,
21-AUG-2026,NXT-INFRA,Nxt-Infra Trust,KOTAK MAHINDRA BANK LIMITED,BUY,"88,00,000",93.85,
21-AUG-2026,NXT-INFRA,Nxt-Infra Trust,KOTAK MAHINDRA INVESTMENTS LIMITED,BUY,"58,50,000",93.85,
21-AUG-2026,NXT-INFRA,Nxt-Infra Trust,LARSEN & TOUBRO LIMITED,BUY,"1,17,00,000",93.85,
21-AUG-2026,SHANTIGEAR,Shanthi Gears Ltd,PACIFIC ASSETS TRUST PLC,SELL,"20,64,713",375.30,
21-AUG-2026,SHANTIGEAR,Shanthi Gears Ltd,TUBE INVESTMENT OF INDIA LIMITED,BUY,"20,64,713",375.30,
24-AUG-2026,MEESHO,Meesho Limited,AAGAM INVESTMENTS,BUY,"12,50,001",200.01,
24-AUG-2026,MEESHO,Meesho Limited,BAJAJ LIFE INSURANCE LIMITED,BUY,"12,50,001",200.01,
24-AUG-2026,MEESHO,Meesho Limited,BNP PARIBAS FINANCIAL MARKETS,BUY,"15,00,002",200.01,
24-AUG-2026,MEESHO,Meesho Limited,BOFA SECURITIES EUROPE SA,BUY,"12,50,002",200.01,
24-AUG-2026,MEESHO,Meesho Limited,CANARA ROBECO MUTUAL FUND,BUY,"15,00,002",200.01,
24-AUG-2026,MEESHO,Meesho Limited,CITIGROUP GLOBAL MARKETS MAURITIUS PRIVATE LIMITED,BUY,"15,00,002",200.01,
24-AUG-2026,MEESHO,Meesho Limited,EDELWEISS MUTUAL FUND,BUY,"34,70,553",200.01,
24-AUG-2026,MEESHO,Meesho Limited,FRANKLIN TEMPLETON INVESTMENT FUNDS - FRANKLIN INDIA FUND,BUY,"15,00,002",200.01,
24-AUG-2026,MEESHO,Meesho Limited,FRANKLIN TEMPLETON MUTUAL FUND,BUY,"25,00,001",200.01,
24-AUG-2026,MEESHO,Meesho Limited,GHISALLO MASTER FUND LP,BUY,"12,50,002",200.01,
24-AUG-2026,MEESHO,Meesho Limited,GOLDMAN SACHS BANK EUROPE SE,BUY,"14,25,002",200.01,
24-AUG-2026,MEESHO,Meesho Limited,GOLDMAN SACHS INVESTMENTS MAURITIUS I LIMITED,BUY,"12,50,002",200.01,
24-AUG-2026,MEESHO,Meesho Limited,HDFC STANDARD LIFE INSURANCE COMPANY LTD,BUY,"75,00,003",200.01,
24-AUG-2026,MEESHO,Meesho Limited,HSBC MUTUAL FUND,BUY,"15,00,001",200.01,
24-AUG-2026,MEESHO,Meesho Limited,INTEGRATED CORE STRATEGIES (ASIA) PTE.LTD.,BUY,"17,50,002",200.01,
24-AUG-2026,MEESHO,Meesho Limited,KOTAK SECURITIES LIMITED,BUY,1,200.01,
24-AUG-2026,MEESHO,Meesho Limited,KUWAIT INVESTMENT AUTHORITY,BUY,"9,76,998",200.01,
24-AUG-2026,MEESHO,Meesho Limited,MORGAN STANLEY ASIA SINGAPORE PTE,BUY,"12,58,752",200.01,
24-AUG-2026,MEESHO,Meesho Limited,MORGAN STANLEY ASIA SINGAPORE PTE,BUY,"17,00,002",200.01,
24-AUG-2026,MEESHO,Meesho Limited,NIPPON INDIA MUTUAL FUND,BUY,"1,00,00,002",200.01,
24-AUG-2026,MEESHO,Meesho Limited,ROBECO CAPITAL GROWTH FUNDS,BUY,"5,23,004",200.01,
24-AUG-2026,MEESHO,Meesho Limited,SOCIETE GENERALE,BUY,"23,75,002",200.01,
24-AUG-2026,MEESHO,Meesho Limited,VIRIDIAN ASIA OPPORTUNITIES MASTER FUND,BUY,"12,50,002",200.01,
24-AUG-2026,MEESHO,Meesho Limited,Y COMBINATOR CONTINUITY HOLDINGS I LLC,SELL,"2,30,27,687",200.01,
24-AUG-2026,MEESHO,Meesho Limited,YCS16 HOLDINGS LLC,SELL,"2,06,03,720",200.01,
24-AUG-2026,MEESHO,Meesho Limited,YCVC FUND I L.P.,SELL,"48,47,934",200.01,
26-AUG-2026,PWL,Physicswallah Limited,CITIGROUP GLOBAL MARKETS MAURITIUS PRIVATE LIMITED,BUY,"23,52,677",117.72,
26-AUG-2026,PWL,Physicswallah Limited,GHISALLO MASTER FUND LP,BUY,"21,23,694",117.72,
26-AUG-2026,PWL,Physicswallah Limited,GOLDMAN SACHS ETF TRUST - GOLDMAN SACHS INDIA EQUITY ETF,BUY,"2,72,929",117.72,
26-AUG-2026,PWL,Physicswallah Limited,GOLDMAN SACHS FUNDS - GOLDMAN SACHS INDIA EQUITY PORTFOLIO,BUY,"61,23,236",117.72,
26-AUG-2026,PWL,Physicswallah Limited,GOLDMAN SACHS FUNDS-GOLDMAN SACHS ASIA EQUITY PORTFOLIO,BUY,"1,64,286",117.72,
26-AUG-2026,PWL,Physicswallah Limited,GOLDMAN SACHS INVESTMENTS MAURITIUS I LIMITED,BUY,"21,23,686",117.72,
26-AUG-2026,PWL,Physicswallah Limited,GS INDIA EQUITY,BUY,"2,83,535",117.72,
26-AUG-2026,PWL,Physicswallah Limited,ICICI PRUDENTIAL MUTUAL FUND,BUY,"2,20,00,003",117.72,
26-AUG-2026,PWL,Physicswallah Limited,JSS INVESTMENTFONDS II - JSS RESPONSIBLE EQUITY - INDIA,BUY,"60,084",117.72,
26-AUG-2026,PWL,Physicswallah Limited,LIGHTSPEED OPPORTUNITY FUND II L.P.,SELL,"4,66,98,120",117.72,
26-AUG-2026,PWL,Physicswallah Limited,MEDIOLANUM BEST BRANDS- MEDIOLANUM INDIA OPPORTUNITIES,BUY,"5,67,357",117.72,
26-AUG-2026,PWL,Physicswallah Limited,MORGAN STANLEY ASIA SINGAPORE PTE,BUY,"21,23,689",117.72,
26-AUG-2026,PWL,Physicswallah Limited,NEW YORK STATE TEACHERS RETIREMENT SYSTEM,BUY,"4,42,432",117.72,
26-AUG-2026,PWL,Physicswallah Limited,OP-INDIA FUND,BUY,"1,86,143",117.72,
26-AUG-2026,PWL,Physicswallah Limited,SOCIETE GENERALE,BUY,"21,23,692",117.72,
26-AUG-2026,PWL,Physicswallah Limited,TATA AIA LIFE INSURANCE COMPANY LIMITED,BUY,"33,97,894",117.72,
26-AUG-2026,PWL,Physicswallah Limited,VIRIDIAN ASIA OPPORTUNITIES MASTER FUND,BUY,"23,52,783",117.72,
26-AUG-2026,RUBICON,Rubicon Research Limited,ARANDA INVESTMENTS PTE. LTD.,BUY,"8,43,372","1,660.00",
26-AUG-2026,RUBICON,Rubicon Research Limited,GENERAL ATLANTIC SINGAPORE RR PTE LTD,SELL,"8,43,372","1,660.00",
26-AUG-2026,VIYASH,Viyash Scientific Limited,AAGAM INVESTMENTS,BUY,"9,26,100",270.00,
26-AUG-2026,VIYASH,Viyash Scientific Limited,BANDHAN MUTUAL FUND,BUY,"28,43,147",263.10,
26-AUG-2026,VIYASH,Viyash Scientific Limited,CA HARBOR INVESTMENTS,SELL,"13,97,795",263.10,
26-AUG-2026,VIYASH,Viyash Scientific Limited,CA HARBOR INVESTMENTS,SELL,"29,63,400",270.00,
26-AUG-2026,VIYASH,Viyash Scientific Limited,CA HULL INVESTMENTS,SELL,"14,45,352",263.10,
26-AUG-2026,VIYASH,Viyash Scientific Limited,CA HULL INVESTMENTS,SELL,"25,92,600",270.00,
26-AUG-2026,VIYASH,Viyash Scientific Limited,EDELWEISS MUTUAL FUND,BUY,"25,92,600",270.00,
26-AUG-2026,VIYASH,Viyash Scientific Limited,PANVIRA INDIA INNOVATION FUND,BUY,"11,11,200",270.00,
26-AUG-2026,VIYASH,Viyash Scientific Limited,S GUPTA HOMES PRIVATE LIMITED,BUY,"9,26,100",270.00,
26-AUG-2026,WELCORP,Welspun Corp Limited,ABERDEEN ASIAN OPPORTUNITIES FUND,BUY,"17,600","2,275.30",
26-AUG-2026,WELCORP,Welspun Corp Limited,ABERDEEN ASIAN SMALLER COMPANIES INVESTMENT TRUST PLC,BUY,"1,62,000","2,275.30",
26-AUG-2026,WELCORP,Welspun Corp Limited,ABERDEEN GLOBAL - INDIAN EQUITY FUND,BUY,"60,600","2,275.30",
26-AUG-2026,WELCORP,Welspun Corp Limited,ABERDEEN STANDARD SICAV I - ASIAN SMALLER COMPANIES FUND,BUY,"1,57,000","2,275.30",
26-AUG-2026,WELCORP,Welspun Corp Limited,AMERICAN FUNDS INSURANCE SERIES GLOBAL SMALL CAPITALIZATION FUND,BUY,"3,264","2,275.30",
26-AUG-2026,WELCORP,Welspun Corp Limited,AMERICAN FUNDS INSURANCE SERIES INTERNATIONAL FUND,BUY,"1,59,731","2,275.30",
26-AUG-2026,WELCORP,Welspun Corp Limited,AMERICAN FUNDS INSURANCE SERIES NEW WORLD FUND,BUY,"7,438","2,275.30",
26-AUG-2026,WELCORP,Welspun Corp Limited,AMERICAN FUNDS INSURANCE SERIES NEW WORLD FUND,BUY,"41,391","2,275.30",
26-AUG-2026,WELCORP,Welspun Corp Limited,CAPITAL GROUP EUPAC COMMON TRUST (US),BUY,"12,870","2,275.30",
26-AUG-2026,WELCORP,Welspun Corp Limited,CAPITAL GROUP EUROPACIFIC GROWTH TRUST (US),BUY,"4,43,268","2,275.30",
26-AUG-2026,WELCORP,Welspun Corp Limited,CAPITAL GROUP NEW WORLD FUND (LUX),BUY,"1,492","2,275.30",
26-AUG-2026,WELCORP,Welspun Corp Limited,CAPITAL GROUP NEW WORLD FUND (LUX),BUY,"8,301","2,275.30",
26-AUG-2026,WELCORP,Welspun Corp Limited,CAPITAL GROUP NEW WORLD TRUST (US),BUY,"7,244","2,275.30",
26-AUG-2026,WELCORP,Welspun Corp Limited,CAPITAL GROUP NEW WORLD TRUST (US),BUY,"40,184","2,275.30",
26-AUG-2026,WELCORP,Welspun Corp Limited,EDELWEISS LIFE INSURANCE COMPANY LIMITED,BUY,"1,09,900","2,275.30",
26-AUG-2026,WELCORP,Welspun Corp Limited,EDELWEISS MUTUAL FUND,BUY,"3,73,577","2,275.30",
26-AUG-2026,WELCORP,Welspun Corp Limited,EURO PACIFIC GROWTH FUND,BUY,"29,45,863","2,275.30",
26-AUG-2026,WELCORP,Welspun Corp Limited,NEW INDIA INVESTMENT TRUST PLC,BUY,"1,23,000","2,275.30",
26-AUG-2026,WELCORP,Welspun Corp Limited,NEW WORLD FUND INC,BUY,"1,51,256","2,275.30",
26-AUG-2026,WELCORP,Welspun Corp Limited,NEW WORLD FUND INC,BUY,"8,41,675","2,275.30",
26-AUG-2026,WELCORP,Welspun Corp Limited,QUANT MUTUAL FUND,BUY,"3,69,397","2,275.30",
26-AUG-2026,WELCORP,Welspun Corp Limited,SMALLCAP WORLD FUND INC,BUY,"1,20,549","2,275.30",
26-AUG-2026,WELCORP,Welspun Corp Limited,THE INDIA FUND INC,BUY,"1,42,400","2,275.30",
26-AUG-2026,WELCORP,Welspun Corp Limited,VIPUL MATHUR,SELL,"3,00,000","2,275.30",
26-AUG-2026,WELCORP,Welspun Corp Limited,WELSPUN INVESTMENTS AND COMMERCIALS LIMITED,SELL,"60,00,000","2,275.30",
27-AUG-2026,APOLLOTYRE,Apollo Tyres Ltd.,BAJAJ LIFE INSURANCE LIMITED,BUY,"22,98,000",435.00,
27-AUG-2026,APOLLOTYRE,Apollo Tyres Ltd.,EMERALD SAGE INVESTMENT LTD,SELL,"2,70,10,000",435.00,
27-AUG-2026,APOLLOTYRE,Apollo Tyres Ltd.,ICICI PRUDENTIAL MUTUAL FUND,BUY,"1,90,80,000",435.00,
27-AUG-2026,APOLLOTYRE,Apollo Tyres Ltd.,SBI LIFE INSURANCE COMPANY LIMITED,BUY,"56,32,000",435.00,
27-AUG-2026,FOSECOIND,Foseco India Ltd,CATAMARAN VENTURES LLP,BUY,"55,978","5,897.00",
27-AUG-2026,FOSECOIND,Foseco India Ltd,CITIGROUP GLOBAL MARKETS SINGAPORE PTE LIMITED,BUY,"42,577","5,897.00",
27-AUG-2026,FOSECOIND,Foseco India Ltd,INVESCO MUTUAL FUND,BUY,"2,54,446","5,897.00",
27-AUG-2026,FOSECOIND,Foseco India Ltd,LIC MUTUAL FUND,BUY,"42,577","5,897.00",
27-AUG-2026,FOSECOIND,Foseco India Ltd,MAHINDRA MANULIFE MUTUAL FUND,BUY,"55,978","5,897.00",
27-AUG-2026,FOSECOIND,Foseco India Ltd,MIRAE ASSET MUTUAL FUND,BUY,"2,91,793","5,897.00",
27-AUG-2026,FOSECOIND,Foseco India Ltd,MORGAN STANLEY ASIA SINGAPORE PTE,BUY,"42,577","5,897.00",
27-AUG-2026,FOSECOIND,Foseco India Ltd,MORGAN TERRASSEN B V,SELL,"5,60,056","5,897.00",
27-AUG-2026,FOSECOIND,Foseco India Ltd,MORGANITE CRUCIBLE LIMITED,SELL,"5,90,744","5,897.00",
27-AUG-2026,FOSECOIND,Foseco India Ltd,MOTILAL OSWAL MUTUAL FUND,BUY,"42,577","5,897.00",
27-AUG-2026,FOSECOIND,Foseco India Ltd,SBI MUTUAL FUND,BUY,"3,22,297","5,897.00",
28-AUG-2026,ATHERENERG,Ather Energy Limited,GOVERNMENT OF SINGAPORE,SELL,"1,18,80,000","1,480.00",
28-AUG-2026,ATHERENERG,Ather Energy Limited,HERO MOTOCORP LIMITED,BUY,"1,18,80,000","1,480.00",
28-AUG-2026,GENUSPOWER,Genus Power Infrastru Ltd,AART CORPORATE ADVISORS PRIVATE LIMITED,BUY,"13,86,750",324.50,
28-AUG-2026,GENUSPOWER,Genus Power Infrastru Ltd,CHISWICK INVESTMENT PTE LTD,SELL,"35,78,450",324.50,
28-AUG-2026,GENUSPOWER,Genus Power Infrastru Ltd,HSBC MUTUAL FUND,BUY,"21,91,700",324.50,
28-AUG-2026,LENSKART,Lenskart Solutions Ltd,ALPHA WAVE VENTURES,SELL,"45,21,048",630.00,
28-AUG-2026,LENSKART,Lenskart Solutions Ltd,ALPHA WAVE VENTURES II LP,SELL,"1,04,19,555",630.00,
28-AUG-2026,LENSKART,Lenskart Solutions Ltd,ALPHA WAVE VENTURES II LP,SELL,"98,38,209",630.00,
28-AUG-2026,LENSKART,Lenskart Solutions Ltd,ALPHA WAVE VENTURES LP,SELL,"46,93,858",630.00,
28-AUG-2026,LENSKART,Lenskart Solutions Ltd,BAJAJ LIFE INSURANCE LIMITED,BUY,"7,93,650",630.00,
28-AUG-2026,LENSKART,Lenskart Solutions Ltd,BOFA SECURITIES EUROPE SA,BUY,"6,06,642",630.00,
28-AUG-2026,LENSKART,Lenskart Solutions Ltd,COPTHALL MAURITIUS INVESTMENT LIMITED,BUY,"4,01,901",630.00,
28-AUG-2026,LENSKART,Lenskart Solutions Ltd,EDELWEISS MUTUAL FUND,BUY,"7,93,185",630.00,
28-AUG-2026,LENSKART,Lenskart Solutions Ltd,GHISALLO MASTER FUND LP,BUY,"4,01,900",630.00,
28-AUG-2026,LENSKART,Lenskart Solutions Ltd,GOLDMAN SACHS BANK EUROPE SE,BUY,"9,85,791",630.00,
28-AUG-2026,LENSKART,Lenskart Solutions Ltd,HDFC STANDARD LIFE INSURANCE COMPANY LTD,BUY,"12,69,838",630.00,
28-AUG-2026,LENSKART,Lenskart Solutions Ltd,ICICI PRUDENTIAL LIFE INSURANCE COMPANY LIMITED,BUY,"14,28,569",630.00,
28-AUG-2026,LENSKART,Lenskart Solutions Ltd,ICICI PRUDENTIAL MUTUAL FUND,BUY,"60,31,747",630.00,
28-AUG-2026,LENSKART,Lenskart Solutions Ltd,INTEGRATED CORE STRATEGIES (ASIA) PTE.LTD.,BUY,"7,58,301",630.00,
28-AUG-2026,LENSKART,Lenskart Solutions Ltd,JIGNESH VIJAY SHAH,BUY,"3,96,827",630.00,
28-AUG-2026,LENSKART,Lenskart Solutions Ltd,KOTAK MAHINDRA MUTUAL FUND,BUY,"4,09,483",630.00,
28-AUG-2026,LENSKART,Lenskart Solutions Ltd,KUWAIT INVESTMENT AUTHORITY,BUY,"3,40,000",630.00,
28-AUG-2026,LENSKART,Lenskart Solutions Ltd,MORGAN STANLEY ASIA SINGAPORE PTE,BUY,"4,92,896",630.00,
28-AUG-2026,LENSKART,Lenskart Solutions Ltd,MORGAN STANLEY ASIA SINGAPORE PTE,BUY,"6,06,641",630.00,
28-AUG-2026,LENSKART,Lenskart Solutions Ltd,MOTILAL OSWAL MUTUAL FUND,BUY,"7,93,650",630.00,
28-AUG-2026,LENSKART,Lenskart Solutions Ltd,NATIONAL PENSION SYSTEM (NPS) TRUST,BUY,"47,61,904",630.00,
28-AUG-2026,LENSKART,Lenskart Solutions Ltd,NATIONAL PENSION SYSTEM (NPS) TRUST,BUY,"19,04,761",630.00,
28-AUG-2026,LENSKART,Lenskart Solutions Ltd,NATIONAL PENSION SYSTEM (NPS) TRUST,BUY,"11,90,476",630.00,
28-AUG-2026,LENSKART,Lenskart Solutions Ltd,NIPPON INDIA INVESTMENT UNIT TRUST - NIPPON INDIA EQUITY FUND,BUY,"1,00,000",630.00,
28-AUG-2026,LENSKART,Lenskart Solutions Ltd,NIPPON INDIA INVESTMENT UNIT TRUST - NIPPON INDIA SMALL AND MID-CAP EF,BUY,"14,981",630.00,
28-AUG-2026,LENSKART,Lenskart Solutions Ltd,PACE INTERNATIONAL EMERGING MARKETS EQUITY INVESTMENTS,BUY,"47,664",630.00,
28-AUG-2026,LENSKART,Lenskart Solutions Ltd,REDWHEEL EMERGING MARKETS EQUITY MASTER FUND LIMITED,BUY,"5,07,569",630.00,
28-AUG-2026,LENSKART,Lenskart Solutions Ltd,REDWHEEL FUNDS-REDWHEEL GLOBAL EMERGING MARKETS FUND,BUY,"3,43,376",630.00,
28-AUG-2026,LENSKART,Lenskart Solutions Ltd,REDWHEEL GLOBAL EMERGING EQUITY FUND,BUY,"85,731",630.00,
28-AUG-2026,LENSKART,Lenskart Solutions Ltd,RETAIL EMPLOYEES SUPERANNUATION TRUST,BUY,"3,13,295",630.00,
28-AUG-2026,LENSKART,Lenskart Solutions Ltd,SBI MUTUAL FUND,BUY,"5,55,556",630.00,
28-AUG-2026,LENSKART,Lenskart Solutions Ltd,SOCIETE GENERALE,BUY,"3,97,352",630.00,
28-AUG-2026,LENSKART,Lenskart Solutions Ltd,SUSQUEHANNA PACIFIC PTY LTD,BUY,"4,01,903",630.00,
28-AUG-2026,LENSKART,Lenskart Solutions Ltd,TEACHERS RETIREMENT SYSTEM OF THE STATE OF ILLINOIS,BUY,"56,018",630.00,
28-AUG-2026,LENSKART,Lenskart Solutions Ltd,TM REDWHEEL GLOBAL EMERGING MARKETS FUND,BUY,"87,123",630.00,
28-AUG-2026,LENSKART,Lenskart Solutions Ltd,VIRIDIAN ASIA OPPORTUNITIES MASTER FUND,BUY,"6,06,639",630.00,
28-AUG-2026,LENSKART,Lenskart Solutions Ltd,WHITEOAK CAPITAL MUTUAL FUND,BUY,"15,87,301",630.00,
28-AUG-2026,SPAL,S. P. Apparels Limited,CARNELIAN ASSET MANAGEMENT & ADVISORS PRIVATE LIMITED,BUY,"5,00,000",925.00,
28-AUG-2026,SPAL,S. P. Apparels Limited,SUNDARARAJAN PERUMAL MUDALIAR,SELL,"5,00,000",925.00,
28-AUG-2026,STAR,Strides Pharma ScienceLtd,ARUN KUMAR PILLAI,BUY,"10,00,000",990.00,
28-AUG-2026,STAR,Strides Pharma ScienceLtd,SBI LIFE INSURANCE CO.LTD.,SELL,"10,00,000",990.00,
31-AUG-2026,NORTHARC,Northern Arc Capital Ltd,ACCION AFRICA-ASIA INVESTMENT COMPANY,SELL,"56,32,137",278.00,
31-AUG-2026,NORTHARC,Northern Arc Capital Ltd,ADIVAM FAMILY TRUST,BUY,"9,80,030",278.00,
31-AUG-2026,NORTHARC,Northern Arc Capital Ltd,COHESION MK BEST IDEAS SUB-TRUST,BUY,"24,46,043",278.00,
31-AUG-2026,NORTHARC,Northern Arc Capital Ltd,EIGHT ROADS INVESTMENTS MAURITIUS II LIMITED,SELL,"54,47,000",278.00,
31-AUG-2026,NORTHARC,Northern Arc Capital Ltd,LEAPFROG FINANCIAL INCLUSION INDIA (II) LTD,SELL,"9,80,030",278.00,
31-AUG-2026,NORTHARC,Northern Arc Capital Ltd,S GUPTA HOMES PRIVATE LIMITED,BUY,"26,97,842",278.00,
31-AUG-2026,NORTHARC,Northern Arc Capital Ltd,SHUBHI CONSULTANCY SERVICES LLP,BUY,"46,76,259",278.00,
31-AUG-2026,NORTHARC,Northern Arc Capital Ltd,SINGULARITY EQUITY FUND I,BUY,"12,58,993",278.00,
31-AUG-2026,ULTRAMAR,Ultramarine & Pigments L,ANVIL SHARE & STOCK BROKING PRIVATE LIMITED,BUY,"7,60,000",400.00,
31-AUG-2026,ULTRAMAR,Ultramarine & Pigments L,SHIVANI TEJAS TRIVEDI,BUY,"7,00,000",400.00,
31-AUG-2026,ULTRAMAR,Ultramarine & Pigments L,THIRUMALAI CHEMICALS LIMITED,SELL,"14,60,000",400.00,
01-SEP-2026,HATSUN,Hatsun Agro Product Ltd.,CHANDRAMOGAN R G,BUY,"8,25,000","1,192.00",
01-SEP-2026,HATSUN,Hatsun Agro Product Ltd.,RAJU KIRTI SHAH,SELL,"4,40,751","1,192.00",
01-SEP-2026,HATSUN,Hatsun Agro Product Ltd.,RAVI KIRTI SHAH,SELL,"3,84,249","1,192.00",
02-SEP-2026,ASTERDM,Aster DM Quality Care Ltd,CENTELLA MAURITIUS HOLDINGS LIMITED,SELL,"46,09,800",760.00,
02-SEP-2026,ASTERDM,Aster DM Quality Care Ltd,UNION (MAURITIUS) HOLDINGS LIMITED,BUY,"46,09,800",760.00,
02-SEP-2026,PINELABS,Pine Labs Limited,ALPHA WAVE VENTURES II LP,SELL,"3,54,56,317",155.10,
02-SEP-2026,PINELABS,Pine Labs Limited,EDELWEISS MUTUAL FUND,BUY,"25,78,981",155.10,
02-SEP-2026,PINELABS,Pine Labs Limited,GOLDMAN SACHS INVESTMENTS MAURITIUS I LIMITED,BUY,"41,62,862",155.10,
02-SEP-2026,PINELABS,Pine Labs Limited,ICICI PRUDENTIAL LIFE INSURANCE COMPANY LIMITED,BUY,"1,03,15,925",155.10,
02-SEP-2026,PINELABS,Pine Labs Limited,INTEGRATED CORE STRATEGIES (ASIA) PTE.LTD.,BUY,"24,50,000",155.10,
02-SEP-2026,PINELABS,Pine Labs Limited,JM FINANCIAL MUTUAL FUND,BUY,"16,11,865",155.10,
02-SEP-2026,PINELABS,Pine Labs Limited,MORGAN STANLEY ASIA SINGAPORE PTE,BUY,"24,48,742",155.10,
02-SEP-2026,PINELABS,Pine Labs Limited,NORGES BANK ON ACCOUNT OF THE GOVERNMENT PENSION FUND GLOBAL,BUY,"32,23,726",155.10,
02-SEP-2026,PINELABS,Pine Labs Limited,SOCIETE GENERALE,BUY,"45,31,963",155.10,
02-SEP-2026,PINELABS,Pine Labs Limited,VIRIDIAN ASIA OPPORTUNITIES MASTER FUND,BUY,"41,32,253",155.10,
03-SEP-2026,CLEANMAX,Clean Max Enviro En Sol L,DSDG HOLDING APS,SELL,"16,33,727","1,220.00",
03-SEP-2026,CLEANMAX,Clean Max Enviro En Sol L,DSP INDIA FUND INDIA LONG SHORT STRATEGY FUND WITH CASH MANAGEMENT OPTION,BUY,"2,04,919","1,220.00",
03-SEP-2026,CLEANMAX,Clean Max Enviro En Sol L,ICICI PRUDENTIAL LIFE INSURANCE COMPANY LTD,BUY,"5,09,485","1,220.00",
03-SEP-2026,CLEANMAX,Clean Max Enviro En Sol L,MAHINDRA MANULIFE MUTUAL FUND,BUY,"2,04,919","1,220.00",
03-SEP-2026,CLEANMAX,Clean Max Enviro En Sol L,SBI LIFE INSURANCE COMPANY LTD.,BUY,"5,09,485","1,220.00",
03-SEP-2026,CLEANMAX,Clean Max Enviro En Sol L,WHITEOAK CAPITAL MUTUAL FUND,BUY,"2,04,919","1,220.00",
03-SEP-2026,KRT,Knowledge Realty Trust,IIFL MANAGEMENT SERVICES LIMITED,SELL,"28,31,050",109.50,
03-SEP-2026,KRT,Knowledge Realty Trust,MEERA  GOYAL,BUY,"28,31,050",109.50,
03-SEP-2026,MEESHO,Meesho Limited,BAJAJ ALLIANZ LIFE INSURANCE COMPANY LIMITED,BUY,"20,00,000",206.30,
03-SEP-2026,MEESHO,Meesho Limited,BAJAJ LIFE INSURANCE LIMITED,BUY,"20,00,000",206.30,
03-SEP-2026,MEESHO,Meesho Limited,BOFA SECURITIES EUROPE SA -FPI,BUY,"12,50,000",206.30,
03-SEP-2026,MEESHO,Meesho Limited,BOFA SECURITIES EUROPE SA -ODI,BUY,"20,50,000",206.30,
03-SEP-2026,MEESHO,Meesho Limited,CANARA ROBECO MUTUAL FUND,BUY,"3,80,000",206.30,
03-SEP-2026,MEESHO,Meesho Limited,CANARA ROBECO MUTUAL FUND,BUY,"7,60,000",206.30,
03-SEP-2026,MEESHO,Meesho Limited,CANARA ROBECO MUTUAL FUND.,BUY,"7,60,000",206.30,
03-SEP-2026,MEESHO,Meesho Limited,COPTHALL MAURITIUS INVESTMENT LIMITED,BUY,"12,50,000",206.30,
03-SEP-2026,MEESHO,Meesho Limited,DENDANA INVESTMENTS (MAURITIUS) LIMITED,BUY,"65,665",206.30,
03-SEP-2026,MEESHO,Meesho Limited,FGTFEBPFIAM EMERGING MARKETS OPPORTUNITIES COMMINGLED POOL,BUY,"9,13,300",206.30,
03-SEP-2026,MEESHO,Meesho Limited,FIDELITY CENTRAL INVESTMENTS PORTFOLIO LLC: FIDELITY EMERGING MARKETS EQUITY CENTRAL FUND,BUY,"3,31,100",206.30,
03-SEP-2026,MEESHO,Meesho Limited,FIDELITY EMERGING MARKETS EQUITY MULTI - ASSET BASE FUND,BUY,"80,800",206.30,
03-SEP-2026,MEESHO,Meesho Limited,FIDELITY EMERGING MARKETS OPPORTUNITIES INSTITUTIONAL TRUST,BUY,"84,700",206.30,
03-SEP-2026,MEESHO,Meesho Limited,FIDELITY FUNDS-INDIA FOCUS FUND,BUY,"18,56,158",206.30,
03-SEP-2026,MEESHO,Meesho Limited,FIDELITY INVESTMENT TRUST FIDELITY FIDELITY SERIES EMERGING MARKETS FUND,BUY,"30,72,600",206.30,
03-SEP-2026,MEESHO,Meesho Limited,FIDELITY INVESTMENTS INTERNATIONAL A/C FIDELITY INDIA FUND,BUY,"1,60,849",206.30,
03-SEP-2026,MEESHO,Meesho Limited,FIDELITY RUTLAND SQUARE TRUST II: STRATEGIC ADVISERS EMERGING MARKETS FUND,BUY,"58,600",206.30,
03-SEP-2026,MEESHO,Meesho Limited,FIDELITY RUTLAND SQUARE TRUST II: STRATEGIC ADVISERS FID EMG MARKETS FUND,BUY,"1,14,400",206.30,
03-SEP-2026,MEESHO,Meesho Limited,FRANKLIN INDIA EQUITY SAVINGS FUND,BUY,"1,69,145",206.30,
03-SEP-2026,MEESHO,Meesho Limited,FRANKLIN INDIA FLEXI CAP FUND,BUY,"48,32,714",206.30,
03-SEP-2026,MEESHO,Meesho Limited,FRANKLIN INDIA TAXSHIELD,BUY,"14,98,141",206.30,
03-SEP-2026,MEESHO,Meesho Limited,FRANKLIN TEMPLETON INVESTMENT FUNDS - FRANKLIN INDIA FUND,BUY,"22,50,000",206.30,
03-SEP-2026,MEESHO,Meesho Limited,FRANKLIN TEMPLETON MUTUAL FUND,BUY,"1,69,145",206.30,
03-SEP-2026,MEESHO,Meesho Limited,FRANKLIN TEMPLETON MUTUAL FUND,BUY,"14,98,142",206.30,
03-SEP-2026,MEESHO,Meesho Limited,FRANKLIN TEMPLETON MUTUAL FUND,BUY,"48,32,713",206.30,
03-SEP-2026,MEESHO,Meesho Limited,GHISALLO MASTER FUND LP,BUY,"22,50,000",206.30,
03-SEP-2026,MEESHO,Meesho Limited,GOLDMAN SACHS BANK EUROPE SE,BUY,"53,00,000",206.30,
03-SEP-2026,MEESHO,Meesho Limited,HDFC STANDARD LIFE INSURANCE,BUY,"60,00,000",206.30,
03-SEP-2026,MEESHO,Meesho Limited,HDFC STANDARD LIFE INSURANCE CO LTD,BUY,"60,00,000",206.30,
03-SEP-2026,MEESHO,Meesho Limited,HSBC MUTUAL FUND,BUY,"12,11,828",206.30,
03-SEP-2026,MEESHO,Meesho Limited,INTEGRATED CORE STRATEGIES ASIA PTE LTD,BUY,"22,50,000",206.30,
03-SEP-2026,MEESHO,Meesho Limited,KUWAIT INVESTMENT AUTHORITY,BUY,"12,50,000",206.30,
03-SEP-2026,MEESHO,Meesho Limited,MANULIFE GLOBAL FUND INDIA EQUITY FUND,BUY,"10,81,780",206.30,
03-SEP-2026,MEESHO,Meesho Limited,MANULIFE PACIFIC ASIA EQUITY FUND,BUY,"27,73,147",206.30,
03-SEP-2026,MEESHO,Meesho Limited,MANULIFE PROVIDENT FUNDS UNIT TRUST SERIES - MANULIFE INDIA EQUITY FUND,BUY,"64,907",206.30,
03-SEP-2026,MEESHO,Meesho Limited,MANULIFE SINGAPORE PTE LTD,BUY,"11,13,810",206.30,
03-SEP-2026,MEESHO,Meesho Limited,MORGAN STANLEY ASIA SINGAPORE PTE -ODI,BUY,"33,00,000",206.30,
03-SEP-2026,MEESHO,Meesho Limited,MOTILAL OSWAL LARGE AND MIDCAP FUND,BUY,"34,00,000",206.30,
03-SEP-2026,MEESHO,Meesho Limited,MOTILAL OSWAL MULTI CAP FUND,BUY,"8,50,000",206.30,
03-SEP-2026,MEESHO,Meesho Limited,NORGES BANK ON ACCOUNT OF THE GOVERNMENT PENSION FUND GLOBAL,BUY,"12,50,000",206.30,
03-SEP-2026,MEESHO,Meesho Limited,SOCIAL PROTECTION FUND,BUY,"2,16,356",206.30,
03-SEP-2026,MEESHO,Meesho Limited,SOCIETE GENERALE - ODI,BUY,"80,00,000",206.30,
03-SEP-2026,MEESHO,Meesho Limited,SUSQUEHANNA PACIFIC PTY LTD,BUY,"12,50,000",206.30,
03-SEP-2026,MEESHO,Meesho Limited,SVF II MEERKAT (DE) LLC,SELL,"4,46,82,672",206.30,
03-SEP-2026,MEESHO,Meesho Limited,SVF II MEERKAT (DE) LLC,SELL,"3,53,17,328",206.30,
04-SEP-2026,NXST,Nexus Select Trust,BREP ASIA SG FORUM HOLDING (NQ) PTE LIMITED,SELL,"74,95,149",164.00,
04-SEP-2026,NXST,Nexus Select Trust,WHITEOAK CAPITAL MUTUAL FUND,BUY,"74,95,149",164.00,
11-SEP-2026,BLACKBUCK,BLACKBUCK LIMITED,ABAKKUS INVESTMENT MANAGERS PRIVATE LIMITED,BUY,"6,00,000",576.05,
11-SEP-2026,BLACKBUCK,BLACKBUCK LIMITED,ABAKKUS INVESTMENT MANAGERS PRIVATE LIMITED,BUY,"21,00,000",576.05,
11-SEP-2026,BLACKBUCK,BLACKBUCK LIMITED,ACCEL INDIA IV (MAURITIUS) LIMITED,SELL,"27,00,000",576.05,
11-SEP-2026,GRANULES,Granules India Limited,360 ONE PIPE FUND,BUY,"2,86,535",872.50,
11-SEP-2026,GRANULES,Granules India Limited,ADITYA BIRLA SUN LIFE MUTUAL FUND,BUY,"5,73,065",872.50,
11-SEP-2026,GRANULES,Granules India Limited,AMERICAN FDS DEVELOPING WORLD GROWTH AND INCOME FUND,BUY,"3,20,926",872.50,
11-SEP-2026,GRANULES,Granules India Limited,AMERICAN FUNDS INSURANCE SERIES GLOBAL SMALL CAPITALIZATION FUND,BUY,"91,594",872.50,
11-SEP-2026,GRANULES,Granules India Limited,BNP PARIBAS FINANCIAL MARKETS,BUY,"13,18,051",872.50,
11-SEP-2026,GRANULES,Granules India Limited,BUOYANT OPPORTUNITIES STRATEGY-III,BUY,"2,86,535",872.50,
11-SEP-2026,GRANULES,Granules India Limited,CAPITAL GROUP EMERGING MARKETS EQUITY COLLECTIVE TRUST US,BUY,"1,27,239",872.50,
11-SEP-2026,GRANULES,Granules India Limited,CAPITAL GROUP EMERGING MARKETS GROWTH COLLECTIVE TRUST (US),BUY,"18,728",872.50,
11-SEP-2026,GRANULES,Granules India Limited,CAPITAL INTERNATIONAL EMERGING MARKETS FUND,BUY,"34,085",872.50,
11-SEP-2026,GRANULES,Granules India Limited,CLARUS CAPITAL 1,BUY,"8,59,600",872.50,
11-SEP-2026,GRANULES,Granules India Limited,EDELWEISS MUTUAL FUND,BUY,"4,58,452",872.50,
11-SEP-2026,GRANULES,Granules India Limited,EMERGING MARKETS EQUITY FUND,BUY,"3,12,796",872.50,
11-SEP-2026,GRANULES,Granules India Limited,EMERGING MARKETS GROWTH FUND INC,BUY,"72,360",872.50,
11-SEP-2026,GRANULES,Granules India Limited,FLORIDA RETIREMENT SYSTEM,BUY,"4,16,692",872.50,
11-SEP-2026,GRANULES,Granules India Limited,GOLDMAN SACHS BANK EUROPE SE,BUY,"11,73,916",872.50,
11-SEP-2026,GRANULES,Granules India Limited,JAGDISH NARESH MASTER,BUY,"3,00,000",872.50,
11-SEP-2026,GRANULES,Granules India Limited,KOTAK MAHINDRA LIFE INSURANCE COMPANY LIMITED,BUY,"11,54,316",872.50,
11-SEP-2026,GRANULES,Granules India Limited,KRISHNA PRASAD CHIGURUPATI,SELL,"1,32,95,129",872.50,
11-SEP-2026,GRANULES,Granules India Limited,MYRAA VARUN RAHEJA,BUY,"6,87,679",872.50,
11-SEP-2026,GRANULES,Granules India Limited,OPTIMIX WHOLESALE GLOBAL EMERGING MARKETS SHARE TRUST,BUY,"1,82,350",872.50,
11-SEP-2026,GRANULES,Granules India Limited,SBI LIFE INSURANCE COMPANY LIMITED,BUY,"5,73,065",872.50,
11-SEP-2026,GRANULES,Granules India Limited,SMALLCAP WORLD FUND INC,BUY,"34,74,080",872.50,
11-SEP-2026,GRANULES,Granules India Limited,SUNDARAM MUTUAL FUND,BUY,"5,73,065",872.50,
11-SEP-2026,JAMNAAUTO,Jamna Auto Ind Ltd,360 ONE ASSET MANAGEMENT LIMITED,BUY,"19,53,125",128.00,
11-SEP-2026,JAMNAAUTO,Jamna Auto Ind Ltd,360 ONE ASSET MANAGEMENT LIMITED,BUY,"54,68,750",128.00,
11-SEP-2026,JAMNAAUTO,Jamna Auto Ind Ltd,360 ONE MUTUL FUND,BUY,"25,73,125",128.00,
11-SEP-2026,JAMNAAUTO,Jamna Auto Ind Ltd,ABU DHABI INVESTMENT AUTHORITY,BUY,"21,82,500",128.00,
11-SEP-2026,JAMNAAUTO,Jamna Auto Ind Ltd,DSP MUTUAL FUND,BUY,"78,12,500",128.00,
11-SEP-2026,JAMNAAUTO,Jamna Auto Ind Ltd,PRADEEP SINGH JAUHAR,SELL,"99,95,000",128.00,
11-SEP-2026,JAMNAAUTO,Jamna Auto Ind Ltd,RANDEEP SINGH JAUHAR,SELL,"99,95,000",128.00,
11-SEP-2026,LOTUSDEV,Sri Lotus Devlprs N Rty L,MOHAMED IRFAN MOHAMED LATIF SHAIKH,SELL,"15,00,000",201.75,
11-SEP-2026,LOTUSDEV,Sri Lotus Devlprs N Rty L,MORGAN STANLEY ASIA SINGAPORE PTE,BUY,"15,00,000",201.75,
11-SEP-2026,NRBBEARING,NRB Bearings Limited,DT FUND,BUY,"2,27,565",505.00,
11-SEP-2026,NRBBEARING,NRB Bearings Limited,GP EMERGING MARKETS STRATEGIES LP,BUY,"1,11,805",505.00,
11-SEP-2026,NRBBEARING,NRB Bearings Limited,TRILOCHAN SINGH SAHNEY TRUST 1,SELL,"5,00,000",505.00,
11-SEP-2026,NRBBEARING,NRB Bearings Limited,UNIVERSITY OF NOTRE DAME DU LAC,BUY,"1,60,630",505.00,
