ipo_id,company,issue_type,opening_date,closing_date,allotment_date,listing_date,anchor_30d_lockin_expiry,anchor_90d_lockin_expiry,slug
1347,Sah Polymers Ltd.,Mainboard,30-Dec-2022,04-Jan-2023,09-Jan-2023,12-Jan-2023,2023-02-08,2023-04-09,sah-polymers-ipo
1355,Radiant Cash Management Services Ltd.,Mainboard,23-Dec-2022,27-Dec-2022,30-Dec-2022,04-Jan-2023,2023-01-29,2023-03-30,radiant-cash-management-ipo
1346,Elin Electronics Ltd.,Mainboard,20-Dec-2022,22-Dec-2022,27-Dec-2022,30-Dec-2022,2023-01-26,2023-03-27,elin-electronics-ipo
1354,KFin Technologies Ltd.,Mainboard,19-Dec-2022,21-Dec-2022,26-Dec-2022,29-Dec-2022,2023-01-25,2023-03-26,kfin-technologies-ipo
1338,Landmark Cars Ltd.,Mainboard,13-Dec-2022,15-Dec-2022,20-Dec-2022,23-Dec-2022,2023-01-19,2023-03-20,landmark-cars-ipo
1350,Abans Holdings Ltd.,Mainboard,12-Dec-2022,15-Dec-2022,20-Dec-2022,23-Dec-2022,2023-01-19,2023-03-20,abans-holdings-ipo
1345,Sula Vineyards Ltd.,Mainboard,12-Dec-2022,14-Dec-2022,19-Dec-2022,22-Dec-2022,2023-01-18,2023-03-19,sula-vineyards-ipo
1324,Uniparts India Ltd.,Mainboard,30-Nov-2022,02-Dec-2022,07-Dec-2022,12-Dec-2022,2023-01-06,2023-03-07,uniparts-india-ipo
1339,Dharmaj Crop Guard Ltd.,Mainboard,28-Nov-2022,30-Nov-2022,05-Dec-2022,08-Dec-2022,2023-01-04,2023-03-05,dharmaj-crop-guard-ipo
1336,Keystone Realtors Ltd.,Mainboard,14-Nov-2022,16-Nov-2022,21-Nov-2022,24-Nov-2022,2022-12-21,2023-02-19,keystone-realtors-ipo
1335,Inox Green Energy Services Ltd.,Mainboard,11-Nov-2022,15-Nov-2022,18-Nov-2022,23-Nov-2022,2022-12-18,2023-02-16,inox-green-energy-ipo
1321,Kaynes Technology India Ltd.,Mainboard,10-Nov-2022,14-Nov-2022,17-Nov-2022,22-Nov-2022,2022-12-17,2023-02-15,kaynes-technology-ipo
1334,Archean Chemical Industries Ltd.,Mainboard,09-Nov-2022,11-Nov-2022,16-Nov-2022,21-Nov-2022,2022-12-16,2023-02-14,archean-chemical-ipo
1327,Five-Star Business Finance Ltd.,Mainboard,09-Nov-2022,11-Nov-2022,16-Nov-2022,21-Nov-2022,2022-12-16,2023-02-14,five-star-business-finance-ipo
1332,Bikaji Foods International Ltd.,Mainboard,03-Nov-2022,07-Nov-2022,11-Nov-2022,16-Nov-2022,2022-12-11,2023-02-09,bikaji-foods-ipo
1330,Global Health Ltd.,Mainboard,03-Nov-2022,07-Nov-2022,11-Nov-2022,16-Nov-2022,2022-12-11,2023-02-09,global-health-ipo
1331,Fusion Micro Finance Ltd.,Mainboard,02-Nov-2022,04-Nov-2022,10-Nov-2022,15-Nov-2022,2022-12-10,2023-02-08,fusion-micro-finance-ipo
1316,DCX Systems Ltd.,Mainboard,31-Oct-2022,02-Nov-2022,07-Nov-2022,11-Nov-2022,2022-12-07,2023-02-05,dcx-systems-ipo
1199,Tracxn Technologies Ltd.,Mainboard,10-Oct-2022,12-Oct-2022,17-Oct-2022,20-Oct-2022,2022-11-16,2023-01-15,tracxn-ipo
1318,Electronics Mart India Ltd.,Mainboard,04-Oct-2022,07-Oct-2022,12-Oct-2022,17-Oct-2022,2022-11-11,2023-01-10,electronics-mart-india-ipo
1283,Harsha Engineers International Ltd.,Mainboard,14-Sep-2022,16-Sep-2022,21-Sep-2022,26-Sep-2022,2022-10-21,2022-12-20,harsha-engineers-international-ipo
1287,Tamilnad Mercantile Bank Ltd.,Mainboard,05-Sep-2022,07-Sep-2022,12-Sep-2022,15-Sep-2022,2022-10-12,2022-12-11,tamilnad-mercantile-bank-ipo
1281,Dreamfolks Services Ltd.,Mainboard,24-Aug-2022,26-Aug-2022,01-Sep-2022,06-Sep-2022,2022-10-01,2022-11-30,dreamfolks-services-ipo
1276,Syrma SGS Technology Ltd.,Mainboard,12-Aug-2022,18-Aug-2022,23-Aug-2022,26-Aug-2022,2022-09-22,2022-11-21,syrma-ipo
1257,Aether Industries Ltd.,Mainboard,24-May-2022,26-May-2022,31-May-2022,03-Jun-2022,2022-06-30,2022-08-29,aether-industries-ipo
1254,eMudhra Ltd.,Mainboard,20-May-2022,24-May-2022,27-May-2022,01-Jun-2022,2022-06-26,2022-08-25,emudhra-ipo
1247,Ethos Ltd.,Mainboard,18-May-2022,20-May-2022,25-May-2022,30-May-2022,2022-06-24,2022-08-23,ethos-limited-ipo
1253,Paradeep Phosphates Ltd.,Mainboard,17-May-2022,19-May-2022,24-May-2022,27-May-2022,2022-06-23,2022-08-22,paradeep-phosphates-ipo
1213,Delhivery Ltd.,Mainboard,11-May-2022,13-May-2022,19-May-2022,24-May-2022,2022-06-18,2022-08-17,delhivery-ipo
1248,Venus Pipes & Tubes Ltd.,Mainboard,11-May-2022,13-May-2022,19-May-2022,24-May-2022,2022-06-18,2022-08-17,venus-pipes-tubes-ipo
1252,Prudent Corporate Advisory Services Ltd.,Mainboard,10-May-2022,12-May-2022,18-May-2022,20-May-2022,2022-06-17,2022-08-16,prudent-corporate-advisory-services-ipo
1221,Life Insurance Corp.of India,Mainboard,04-May-2022,09-May-2022,12-May-2022,17-May-2022,2022-06-11,2022-08-10,lic-ipo
1250,Rainbow Children's Medicare Ltd.,Mainboard,27-Apr-2022,29-Apr-2022,05-May-2022,10-May-2022,2022-06-04,2022-08-03,rainbow-children-medicare-ipo
1249,Campus Activewear Ltd.,Mainboard,26-Apr-2022,28-Apr-2022,04-May-2022,09-May-2022,2022-06-03,2022-08-02,campus-activewear-ipo
1240,Hariom Pipe Industries Ltd.,Mainboard,30-Mar-2022,05-Apr-2022,08-Apr-2022,13-Apr-2022,2022-05-08,2022-07-07,hariom-pipe-industries-ipo
1236,Veranda Learning Solutions Ltd.,Mainboard,29-Mar-2022,31-Mar-2022,05-Apr-2022,11-Apr-2022,2022-05-05,2022-07-04,veranda-learning-ipo
1235,Uma Exports Ltd.,Mainboard,28-Mar-2022,30-Mar-2022,04-Apr-2022,07-Apr-2022,2022-05-04,2022-07-03,uma-exports-ipo
1217,Vedant Fashions Ltd.,Mainboard,04-Feb-2022,08-Feb-2022,11-Feb-2022,16-Feb-2022,2022-03-13,2022-05-12,vedant-fashions-ipo
1173,Adani Wilmar Ltd.,Mainboard,27-Jan-2022,31-Jan-2022,03-Feb-2022,08-Feb-2022,2022-03-05,2022-05-04,adani-wilmar-ipo
1209,AGS Transact Technologies Ltd.,Mainboard,19-Jan-2022,21-Jan-2022,27-Jan-2022,31-Jan-2022,2022-02-26,2022-04-27,ags-transact-ipo
1599,Innova Captab Ltd.,Mainboard,21-Dec-2023,26-Dec-2023,27-Dec-2023,29-Dec-2023,2024-01-26,2024-03-26,innova-captab-ipo
1597,Azad Engineering Ltd.,Mainboard,20-Dec-2023,22-Dec-2023,26-Dec-2023,28-Dec-2023,2024-01-25,2024-03-25,azad-engineering-ipo
1595,Credo Brands Marketing Ltd.,Mainboard,19-Dec-2023,21-Dec-2023,22-Dec-2023,27-Dec-2023,2024-01-21,2024-03-21,mufti-ipo
1588,RBZ Jewellers Ltd.,Mainboard,19-Dec-2023,21-Dec-2023,22-Dec-2023,27-Dec-2023,2024-01-21,2024-03-21,rbz-jewellers-ipo
1585,Happy Forgings Ltd.,Mainboard,19-Dec-2023,21-Dec-2023,22-Dec-2023,27-Dec-2023,2024-01-21,2024-03-21,happy-forgings-ipo
1589,Suraj Estate Developers Ltd.,Mainboard,18-Dec-2023,20-Dec-2023,21-Dec-2023,26-Dec-2023,2024-01-20,2024-03-20,suraj-estate-developers-ipo
1587,Motisons Jewellers Ltd.,Mainboard,18-Dec-2023,20-Dec-2023,21-Dec-2023,26-Dec-2023,2024-01-20,2024-03-20,motisons-jewellers-ipo
1582,Muthoot Microfin Ltd.,Mainboard,18-Dec-2023,20-Dec-2023,21-Dec-2023,26-Dec-2023,2024-01-20,2024-03-20,muthoot-microfin-ipo
1593,Inox India Ltd.,Mainboard,14-Dec-2023,18-Dec-2023,19-Dec-2023,21-Dec-2023,2024-01-18,2024-03-18,inox-cva-ipo
1581,DOMS Industries Ltd.,Mainboard,13-Dec-2023,15-Dec-2023,18-Dec-2023,20-Dec-2023,2024-01-17,2024-03-17,doms-ipo
1477,India Shelter Finance Corp.Ltd.,Mainboard,13-Dec-2023,15-Dec-2023,18-Dec-2023,20-Dec-2023,2024-01-17,2024-03-17,india-shelter-ipo
1567,Gandhar Oil Refinery (India) Ltd.,Mainboard,22-Nov-2023,24-Nov-2023,28-Nov-2023,30-Nov-2023,2023-12-28,2024-02-26,gandhar-oil-refinery-india-ipo
1418,Tata Technologies Ltd.,Mainboard,22-Nov-2023,24-Nov-2023,28-Nov-2023,30-Nov-2023,2023-12-28,2024-02-26,tata-technologies-ipo
1568,Fedbank Financial Services Ltd.,Mainboard,22-Nov-2023,24-Nov-2023,28-Nov-2023,30-Nov-2023,2023-12-28,2024-02-26,fedbank-financial-services-ipo
1571,Flair Writing Industries Ltd.,Mainboard,22-Nov-2023,24-Nov-2023,29-Nov-2023,01-Dec-2023,2023-12-29,2024-02-27,flair-writing-ipo
1569,Indian Renewable Energy Development Agency Ltd.,Mainboard,21-Nov-2023,23-Nov-2023,24-Nov-2023,29-Nov-2023,2023-12-24,2024-02-22,ireda-ipo
1563,ASK Automotive Ltd.,Mainboard,07-Nov-2023,09-Nov-2023,10-Nov-2023,15-Nov-2023,2023-12-10,2024-02-08,ask-automotive-ipo
1545,Protean eGov Technologies Ltd.,Mainboard,06-Nov-2023,08-Nov-2023,13-Nov-2023,13-Nov-2023,2023-12-13,2024-02-11,protean-egov-technologies-ipo
1553,ESAF Small Finance Bank Ltd.,Mainboard,03-Nov-2023,07-Nov-2023,08-Nov-2023,10-Nov-2023,2023-12-08,2024-02-06,esaf-small-finance-bank-ipo
1551,Honasa Consumer Ltd.,Mainboard,31-Oct-2023,02-Nov-2023,06-Nov-2023,07-Nov-2023,2023-12-06,2024-02-04,mamaearth-ipo
1552,Cello World Ltd.,Mainboard,30-Oct-2023,01-Nov-2023,02-Nov-2023,06-Nov-2023,2023-12-02,2024-01-31,cello-world-limited-ipo
1547,Blue Jet Healthcare Ltd.,Mainboard,25-Oct-2023,27-Oct-2023,30-Oct-2023,01-Nov-2023,2023-11-29,2024-01-28,blue-jet-healthcare-ipo
1543,IRM Energy Ltd.,Mainboard,18-Oct-2023,20-Oct-2023,27-Oct-2023,26-Oct-2023,2023-11-26,2024-01-25,irm-energy-ipo
1539,Plaza Wires Ltd.,Mainboard,29-Sep-2023,05-Oct-2023,09-Oct-2023,12-Oct-2023,2023-11-08,2024-01-07,plaza-wires-ipo
1525,Valiant Laboratories Ltd.,Mainboard,27-Sep-2023,03-Oct-2023,05-Oct-2023,06-Oct-2023,2023-11-04,2024-01-03,valiant-laboratories-ipo
1528,Updater Services Ltd.,Mainboard,25-Sep-2023,27-Sep-2023,28-Sep-2023,04-Oct-2023,2023-10-28,2023-12-27,updater-services-ipo
1512,JSW Infrastructure Ltd.,Mainboard,25-Sep-2023,27-Sep-2023,28-Sep-2023,03-Oct-2023,2023-10-28,2023-12-27,jsw-infrastructure-ipo
1513,Manoj Vaibhav Gems 'N' Jewellers Ltd.,Mainboard,22-Sep-2023,26-Sep-2023,27-Sep-2023,03-Oct-2023,2023-10-27,2023-12-26,manoj-vaibhav-gems-n-jewellers-ipo
1508,Sai Silks (Kalamandir) Ltd.,Mainboard,20-Sep-2023,22-Sep-2023,27-Sep-2023,27-Sep-2023,2023-10-27,2023-12-26,sai-silks-kalamandir-ipo
1382,Signatureglobal (India) Ltd.,Mainboard,20-Sep-2023,22-Sep-2023,27-Sep-2023,27-Sep-2023,2023-10-27,2023-12-26,signatureglobal-india-ipo
1507,Yatra Online Ltd.,Mainboard,15-Sep-2023,20-Sep-2023,25-Sep-2023,28-Sep-2023,2023-10-25,2023-12-24,yatra-online-ipo
1505,Zaggle Prepaid Ocean Services Ltd.,Mainboard,14-Sep-2023,18-Sep-2023,22-Sep-2023,22-Sep-2023,2023-10-22,2023-12-21,zaggle-prepaid-ocean-services-ipo
1502,SAMHI Hotels Ltd.,Mainboard,14-Sep-2023,18-Sep-2023,22-Sep-2023,22-Sep-2023,2023-10-22,2023-12-21,samhi-hotels-ipo
1503,R R Kabel Ltd.,Mainboard,13-Sep-2023,15-Sep-2023,21-Sep-2023,20-Sep-2023,2023-10-21,2023-12-20,r-r-kabel-ipo
1496,EMS Ltd.,Mainboard,08-Sep-2023,12-Sep-2023,15-Sep-2023,21-Sep-2023,2023-10-15,2023-12-14,ems-ipo
1494,Jupiter Life Line Hospitals Ltd.,Mainboard,06-Sep-2023,08-Sep-2023,13-Sep-2023,18-Sep-2023,2023-10-13,2023-12-12,jupiter-life-line-hospitals-ipo
1488,Ratnaveer Precision Engineering Ltd.,Mainboard,04-Sep-2023,06-Sep-2023,07-Sep-2023,11-Sep-2023,2023-10-07,2023-12-06,ratnaveer-precision-engineering-ipo
1490,Rishabh Instruments Ltd.,Mainboard,30-Aug-2023,01-Sep-2023,06-Sep-2023,11-Sep-2023,2023-10-06,2023-12-05,rishabh-instruments-ipo
1485,Vishnu Prakash R.Punglia Ltd.,Mainboard,24-Aug-2023,28-Aug-2023,31-Aug-2023,05-Sep-2023,2023-09-30,2023-11-29,vishnu-prakash-r-punglia-ipo
1482,Aeroflex Industries Ltd.,Mainboard,22-Aug-2023,24-Aug-2023,29-Aug-2023,31-Aug-2023,2023-09-28,2023-11-27,aeroflex-industries-ipo
1479,Pyramid Technoplast Ltd.,Mainboard,18-Aug-2023,22-Aug-2023,25-Aug-2023,29-Aug-2023,2023-09-24,2023-11-23,pyramid-technoplast-ipo
1475,TVS Supply Chain Solutions Ltd.,Mainboard,10-Aug-2023,14-Aug-2023,18-Aug-2023,23-Aug-2023,2023-09-17,2023-11-16,tvs-supply-chain-solutions-ipo
1472,Concord Biotech Ltd.,Mainboard,04-Aug-2023,08-Aug-2023,11-Aug-2023,18-Aug-2023,2023-09-10,2023-11-09,concord-biotech-ipo
1470,SBFC Finance Ltd.,Mainboard,03-Aug-2023,07-Aug-2023,10-Aug-2023,16-Aug-2023,2023-09-09,2023-11-08,sbfc-finance-ipo
1464,Yatharth Hospital & Trauma Care Services Ltd.,Mainboard,26-Jul-2023,28-Jul-2023,02-Aug-2023,07-Aug-2023,2023-09-01,2023-10-31,yatharth-hospital-ipo
1459,Netweb Technologies India Ltd.,Mainboard,17-Jul-2023,19-Jul-2023,24-Jul-2023,27-Jul-2023,2023-08-23,2023-10-22,netweb-technologies-india-ipo
1456,Utkarsh Small Finance Bank Ltd.,Mainboard,12-Jul-2023,14-Jul-2023,19-Jul-2023,21-Jul-2023,2023-08-18,2023-10-17,utkarsh-small-finance-bank-ipo
1452,Senco Gold Ltd.,Mainboard,04-Jul-2023,06-Jul-2023,11-Jul-2023,14-Jul-2023,2023-08-10,2023-10-09,senco-gold-ipo
1448,PKH Ventures Ltd.,Mainboard,30-Jun-2023,04-Jul-2023,07-Jul-2023,,2023-08-06,2023-10-05,pkh-ventures-ipo
1446,Cyient DLM Ltd.,Mainboard,27-Jun-2023,30-Jun-2023,04-Jul-2023,10-Jul-2023,2023-08-03,2023-10-02,cyient-dlm-ipo
1442,ideaForge Technology Ltd.,Mainboard,26-Jun-2023,30-Jun-2023,05-Jul-2023,07-Jul-2023,2023-08-04,2023-10-03,ideaforge-technology-ipo
1435,HMA Agro Industries Ltd.,Mainboard,20-Jun-2023,23-Jun-2023,29-Jun-2023,04-Jul-2023,2023-07-29,2023-09-27,hma-agro-industries-ipo
1430,IKIO Lighting Ltd.,Mainboard,06-Jun-2023,08-Jun-2023,13-Jun-2023,16-Jun-2023,2023-07-13,2023-09-11,ikio-lighting-ipo
1412,Mankind Pharma Ltd.,Mainboard,25-Apr-2023,27-Apr-2023,03-May-2023,09-May-2023,2023-06-02,2023-08-01,mankind-pharma-ipo
1405,Avalon Technologies Ltd.,Mainboard,03-Apr-2023,06-Apr-2023,12-Apr-2023,18-Apr-2023,2023-05-12,2023-07-11,avalon-technologies-ipo
1398,Udayshivakumar Infra Ltd.,Mainboard,20-Mar-2023,23-Mar-2023,28-Mar-2023,03-Apr-2023,2023-04-27,2023-06-26,udayshivakumar-infra-ipo
1390,Global Surfaces Ltd.,Mainboard,13-Mar-2023,15-Mar-2023,20-Mar-2023,23-Mar-2023,2023-04-19,2023-06-18,global-surfaces-ipo
1383,Divgi TorqTransfer Systems Ltd.,Mainboard,01-Mar-2023,03-Mar-2023,09-Mar-2023,14-Mar-2023,2023-04-08,2023-06-07,divgi-torqtransfer-systems-ipo
1934,Indo Farm Equipment Ltd.,Mainboard,31-Dec-2024,02-Jan-2025,03-Jan-2025,07-Jan-2025,2025-02-02,2025-04-03,indo-farm-equipment-ipo
1942,Unimech Aerospace & Manufacturing Ltd.,Mainboard,23-Dec-2024,26-Dec-2024,27-Dec-2024,31-Dec-2024,2025-01-26,2025-03-27,unimech-aerospace-ipo
1945,Carraro India Ltd.,Mainboard,20-Dec-2024,24-Dec-2024,26-Dec-2024,30-Dec-2024,2025-01-25,2025-03-26,carraro-india-ipo
1943,Senores Pharmaceuticals Ltd.,Mainboard,20-Dec-2024,24-Dec-2024,26-Dec-2024,30-Dec-2024,2025-01-25,2025-03-26,senores-pharmaceuticals-ipo
1939,Ventive Hospitality Ltd.,Mainboard,20-Dec-2024,24-Dec-2024,26-Dec-2024,30-Dec-2024,2025-01-25,2025-03-26,ventive-hospitality-ipo
1941,Concord Enviro Systems Ltd.,Mainboard,19-Dec-2024,23-Dec-2024,24-Dec-2024,27-Dec-2024,2025-01-23,2025-03-24,concord-enviro-ipo
1940,Sanathan Textiles Ltd.,Mainboard,19-Dec-2024,23-Dec-2024,24-Dec-2024,27-Dec-2024,2025-01-23,2025-03-24,sanathan-textiles-ipo
1937,Mamata Machinery Ltd.,Mainboard,19-Dec-2024,23-Dec-2024,24-Dec-2024,27-Dec-2024,2025-01-23,2025-03-24,mamata-machinery-ipo
1936,DAM Capital Advisors Ltd.,Mainboard,19-Dec-2024,23-Dec-2024,24-Dec-2024,27-Dec-2024,2025-01-23,2025-03-24,dam-capital-advisors-ipo
1933,Transrail Lighting Ltd.,Mainboard,19-Dec-2024,23-Dec-2024,24-Dec-2024,27-Dec-2024,2025-01-23,2025-03-24,transrail-lighting-ipo
1930,International Gemmological Institute (India) Ltd.,Mainboard,13-Dec-2024,17-Dec-2024,18-Dec-2024,20-Dec-2024,2025-01-17,2025-03-18,international-gemmological-institute-ipo
1926,Inventurus Knowledge Solutions Ltd.,Mainboard,12-Dec-2024,16-Dec-2024,17-Dec-2024,19-Dec-2024,2025-01-16,2025-03-17,inventurus-knowledge-solutions-ipo
1928,One Mobikwik Systems Ltd.,Mainboard,11-Dec-2024,13-Dec-2024,16-Dec-2024,18-Dec-2024,2025-01-15,2025-03-16,mobikwik-ipo
1925,Sai Life Sciences Ltd.,Mainboard,11-Dec-2024,13-Dec-2024,16-Dec-2024,18-Dec-2024,2025-01-15,2025-03-16,sai-life-sciences-ipo
1924,Vishal Mega Mart Ltd.,Mainboard,11-Dec-2024,13-Dec-2024,16-Dec-2024,18-Dec-2024,2025-01-15,2025-03-16,vishal-mega-mart-ipo
1918,Suraksha Diagnostic Ltd.,Mainboard,29-Nov-2024,03-Dec-2024,04-Dec-2024,06-Dec-2024,2025-01-03,2025-03-04,suraksha-diagnostic-ipo
1911,Enviro Infra Engineers Ltd.,Mainboard,22-Nov-2024,26-Nov-2024,27-Nov-2024,29-Nov-2024,2024-12-27,2025-02-25,enviro-infra-engineers-ipo
1902,NTPC Green Energy Ltd.,Mainboard,19-Nov-2024,22-Nov-2024,25-Nov-2024,27-Nov-2024,2024-12-25,2025-02-23,ntpc-green-energy-ipo
1904,Zinka Logistics Solutions Ltd.,Mainboard,13-Nov-2024,18-Nov-2024,19-Nov-2024,22-Nov-2024,2024-12-19,2025-02-17,blackbuck-ipo
1899,Niva Bupa Health Insurance Co.Ltd.,Mainboard,07-Nov-2024,11-Nov-2024,12-Nov-2024,14-Nov-2024,2024-12-12,2025-02-10,niva-bupa-health-insurance-ipo
1897,ACME Solar Holdings Ltd.,Mainboard,06-Nov-2024,08-Nov-2024,11-Nov-2024,13-Nov-2024,2024-12-11,2025-02-09,acme-solar-holdings-ipo
1896,Swiggy Ltd.,Mainboard,06-Nov-2024,08-Nov-2024,11-Nov-2024,13-Nov-2024,2024-12-11,2025-02-09,swiggy-ipo
1898,Sagility India Ltd.,Mainboard,05-Nov-2024,07-Nov-2024,08-Nov-2024,12-Nov-2024,2024-12-08,2025-02-06,sagility-india-ipo
1881,Afcons Infrastructure Ltd.,Mainboard,25-Oct-2024,29-Oct-2024,30-Oct-2024,04-Nov-2024,2024-11-29,2025-01-28,afcons-infrastructure-ipo
1895,Godavari Biorefineries Ltd.,Mainboard,23-Oct-2024,25-Oct-2024,28-Oct-2024,30-Oct-2024,2024-11-27,2025-01-26,godavari-biorefineries-ipo
1890,Deepak Builders & Engineers India Ltd.,Mainboard,21-Oct-2024,23-Oct-2024,24-Oct-2024,28-Oct-2024,2024-11-23,2025-01-22,deepak-builders-engineers-ipo
1888,Waaree Energies Ltd.,Mainboard,21-Oct-2024,23-Oct-2024,24-Oct-2024,28-Oct-2024,2024-11-23,2025-01-22,waaree-energies-ipo
1879,Hyundai Motor India Ltd.,Mainboard,15-Oct-2024,17-Oct-2024,18-Oct-2024,22-Oct-2024,2024-11-17,2025-01-16,hyundai-motor-ipo
1883,Garuda Construction & Engineering Ltd.,Mainboard,08-Oct-2024,10-Oct-2024,11-Oct-2024,15-Oct-2024,2024-11-10,2025-01-09,garuda-construction-and-engineering-ipo
1874,Diffusion Engineers Ltd.,Mainboard,26-Sep-2024,30-Sep-2024,01-Oct-2024,04-Oct-2024,2024-10-31,2024-12-30,diffusion-engineers-ipo
1864,KRN Heat Exchanger & Refrigeration Ltd.,Mainboard,25-Sep-2024,27-Sep-2024,30-Sep-2024,03-Oct-2024,2024-10-30,2024-12-29,krn-heat-exchanger-ipo
1866,Manba Finance Ltd.,Mainboard,23-Sep-2024,25-Sep-2024,26-Sep-2024,30-Sep-2024,2024-10-26,2024-12-25,manba-finance-ipo
1849,Arkade Developers Ltd.,Mainboard,16-Sep-2024,19-Sep-2024,20-Sep-2024,24-Sep-2024,2024-10-20,2024-12-19,arkade-developers-ipo
1855,Northern Arc Capital Ltd.,Mainboard,16-Sep-2024,19-Sep-2024,20-Sep-2024,24-Sep-2024,2024-10-20,2024-12-19,northern-arc-capital-ipo
1844,Western Carriers (India) Ltd.,Mainboard,13-Sep-2024,19-Sep-2024,20-Sep-2024,24-Sep-2024,2024-10-20,2024-12-19,western-carriers-india-ipo
1841,P N Gadgil Jewellers Ltd.,Mainboard,10-Sep-2024,12-Sep-2024,13-Sep-2024,17-Sep-2024,2024-10-13,2024-12-12,p-n-gadgil-jewellers-ipo
1839,Kross Ltd.,Mainboard,09-Sep-2024,11-Sep-2024,12-Sep-2024,16-Sep-2024,2024-10-12,2024-12-11,kross-ipo
1837,Tolins Tyres Ltd.,Mainboard,09-Sep-2024,11-Sep-2024,12-Sep-2024,16-Sep-2024,2024-10-12,2024-12-11,tolins-tyres-ipo
1822,Bajaj Housing Finance Ltd.,Mainboard,09-Sep-2024,11-Sep-2024,12-Sep-2024,16-Sep-2024,2024-10-12,2024-12-11,bajaj-housing-finance-ipo
1835,Shree Tirupati Balajee Agro Trading Co.Ltd.,Mainboard,05-Sep-2024,09-Sep-2024,10-Sep-2024,12-Sep-2024,2024-10-10,2024-12-09,shree-tirupati-balajee-ipo
1829,Gala Precision Engineering Ltd.,Mainboard,02-Sep-2024,04-Sep-2024,05-Sep-2024,09-Sep-2024,2024-10-05,2024-12-04,gala-precision-engineering-ipo
1825,Baazar Style Retail Ltd.,Mainboard,30-Aug-2024,03-Sep-2024,04-Sep-2024,06-Sep-2024,2024-10-04,2024-12-03,baazar-style-retail-ipo
1820,ECOS (India) Mobility & Hospitality Ltd.,Mainboard,28-Aug-2024,30-Aug-2024,02-Sep-2024,04-Sep-2024,2024-10-02,2024-12-01,eco-mobility-ipo
1818,Premier Energies Ltd.,Mainboard,27-Aug-2024,29-Aug-2024,30-Aug-2024,03-Sep-2024,2024-09-29,2024-11-28,premier-energies-ipo
1809,Orient Technologies Ltd.,Mainboard,21-Aug-2024,23-Aug-2024,26-Aug-2024,28-Aug-2024,2024-09-25,2024-11-24,orient-technologies-ipo
1811,Interarch Building Products Ltd.,Mainboard,19-Aug-2024,21-Aug-2024,22-Aug-2024,26-Aug-2024,2024-09-21,2024-11-20,interarch-building-products-ipo
1542,Saraswati Saree Depot Ltd.,Mainboard,12-Aug-2024,14-Aug-2024,16-Aug-2024,20-Aug-2024,2024-09-15,2024-11-14,saraswati-saree-depot-ipo
1802,Unicommerce eSolutions Ltd.,Mainboard,06-Aug-2024,08-Aug-2024,09-Aug-2024,13-Aug-2024,2024-09-08,2024-11-07,unicommerce-esolutions-ipo
1801,Brainbees Solutions Ltd.,Mainboard,06-Aug-2024,08-Aug-2024,09-Aug-2024,13-Aug-2024,2024-09-08,2024-11-07,brainbees-solutions-firstcry-ipo
1765,Ola Electric Mobility Ltd.,Mainboard,02-Aug-2024,06-Aug-2024,07-Aug-2024,09-Aug-2024,2024-09-06,2024-11-05,ola-electric-ipo
1798,Ceigall India Ltd.,Mainboard,01-Aug-2024,05-Aug-2024,06-Aug-2024,08-Aug-2024,2024-09-05,2024-11-04,ceigall-india-ipo
1794,Akums Drugs & Pharmaceuticals Ltd.,Mainboard,30-Jul-2024,01-Aug-2024,02-Aug-2024,06-Aug-2024,2024-09-01,2024-10-31,akums-drugs-and-pharmaceuticals-ipo
1779,Sanstar Ltd.,Mainboard,19-Jul-2024,23-Jul-2024,24-Jul-2024,26-Jul-2024,2024-08-23,2024-10-22,sanstar-ipo
1767,Bansal Wire Industries Ltd.,Mainboard,03-Jul-2024,05-Jul-2024,08-Jul-2024,10-Jul-2024,2024-08-07,2024-10-06,bansal-wire-ipo
1766,Emcure Pharmaceuticals Ltd.,Mainboard,03-Jul-2024,05-Jul-2024,08-Jul-2024,10-Jul-2024,2024-08-07,2024-10-06,emcure-pharma-ipo
1758,Vraj Iron & Steel Ltd.,Mainboard,26-Jun-2024,28-Jun-2024,01-Jul-2024,03-Jul-2024,2024-07-31,2024-09-29,vraj-iron-and-steel-ipo
1580,Allied Blenders & Distillers Ltd.,Mainboard,25-Jun-2024,27-Jun-2024,28-Jun-2024,02-Jul-2024,2024-07-28,2024-09-26,allied-blenders-ipo
1749,Stanley Lifestyles Ltd.,Mainboard,21-Jun-2024,25-Jun-2024,26-Jun-2024,28-Jun-2024,2024-07-26,2024-09-24,stanley-lifestyles-ipo
1751,Akme Fintrade (India) Ltd.,Mainboard,19-Jun-2024,21-Jun-2024,24-Jun-2024,26-Jun-2024,2024-07-24,2024-09-22,aasaan-loans-ipo
1746,DEE Development Engineers Ltd.,Mainboard,19-Jun-2024,21-Jun-2024,24-Jun-2024,26-Jun-2024,2024-07-24,2024-09-22,dee-piping-systems-ipo
1742,Le Travenues Technology Ltd.,Mainboard,10-Jun-2024,12-Jun-2024,13-Jun-2024,18-Jun-2024,2024-07-13,2024-09-11,ixigo-ipo
1738,Kronox Lab Sciences Ltd.,Mainboard,03-Jun-2024,05-Jun-2024,06-Jun-2024,10-Jun-2024,2024-07-06,2024-09-04,kronox-lab-sciences-ipo
1730,Awfis Space Solutions Ltd.,Mainboard,22-May-2024,27-May-2024,28-May-2024,30-May-2024,2024-06-27,2024-08-26,awfis-space-solutions-ipo
1727,Go Digit General Insurance Ltd.,Mainboard,15-May-2024,17-May-2024,21-May-2024,23-May-2024,2024-06-20,2024-08-19,go-digit-general-insurance-ipo
1717,Aadhar Housing Finance Ltd.,Mainboard,08-May-2024,10-May-2024,13-May-2024,15-May-2024,2024-06-12,2024-08-11,aadhar-housing-finance-ipo
1716,TBO Tek Ltd.,Mainboard,08-May-2024,10-May-2024,13-May-2024,15-May-2024,2024-06-12,2024-08-11,tbo-tek-ipo
1713,Indegene Ltd.,Mainboard,06-May-2024,08-May-2024,09-May-2024,13-May-2024,2024-06-08,2024-08-07,indegene-ipo
1704,JNK India Ltd.,Mainboard,23-Apr-2024,25-Apr-2024,26-Apr-2024,30-Apr-2024,2024-05-26,2024-07-25,jnk-india-ipo
1694,Bharti Hexacom Ltd.,Mainboard,03-Apr-2024,05-Apr-2024,08-Apr-2024,12-Apr-2024,2024-05-08,2024-07-07,bharti-hexacom-ipo
1682,SRM Contractors Ltd.,Mainboard,26-Mar-2024,28-Mar-2024,01-Apr-2024,03-Apr-2024,2024-05-01,2024-06-30,srm-contractors-ipo
1665,Krystal Integrated Services Ltd.,Mainboard,14-Mar-2024,18-Mar-2024,19-Mar-2024,21-Mar-2024,2024-04-18,2024-06-17,krystal-integrated-services-ipo
1672,Popular Vehicles & Services Ltd.,Mainboard,12-Mar-2024,14-Mar-2024,15-Mar-2024,19-Mar-2024,2024-04-14,2024-06-13,popular-vehicles-services-ipo
1667,Gopal Snacks Ltd.,Mainboard,06-Mar-2024,11-Mar-2024,12-Mar-2024,14-Mar-2024,2024-04-11,2024-06-10,gopal-namkeen-ipo
1663,J.G.Chemicals Ltd.,Mainboard,05-Mar-2024,07-Mar-2024,11-Mar-2024,13-Mar-2024,2024-04-10,2024-06-09,jg-chemicals-ipo
1620,R K SWAMY Ltd.,Mainboard,04-Mar-2024,06-Mar-2024,07-Mar-2024,12-Mar-2024,2024-04-06,2024-06-05,r-k-swamy-ipo
1586,Mukka Proteins Ltd.,Mainboard,29-Feb-2024,04-Mar-2024,05-Mar-2024,07-Mar-2024,2024-04-04,2024-06-03,mukka-proteins-ipo
1642,Exicom Tele-Systems Ltd.,Mainboard,27-Feb-2024,29-Feb-2024,01-Mar-2024,05-Mar-2024,2024-03-31,2024-05-30,exicom-tele-systems-ipo
1638,Platinum Industries Ltd.,Mainboard,27-Feb-2024,29-Feb-2024,01-Mar-2024,05-Mar-2024,2024-03-31,2024-05-30,platinum-industries-ipo
1655,GPT Healthcare Ltd.,Mainboard,22-Feb-2024,26-Feb-2024,27-Feb-2024,29-Feb-2024,2024-03-28,2024-05-27,gpt-healthcare-ipo
1654,Juniper Hotels Ltd.,Mainboard,21-Feb-2024,23-Feb-2024,26-Feb-2024,28-Feb-2024,2024-03-27,2024-05-26,juniper-hotels-ipo
1646,Vibhor Steel Tubes Ltd.,Mainboard,13-Feb-2024,15-Feb-2024,16-Feb-2024,20-Feb-2024,2024-03-17,2024-05-16,vibhor-steel-tubes-ipo
1643,Entero Healthcare Solutions Ltd.,Mainboard,09-Feb-2024,13-Feb-2024,14-Feb-2024,16-Feb-2024,2024-03-15,2024-05-14,entero-healthcare-solutions-ipo
1641,Capital Small Finance Bank Ltd.,Mainboard,07-Feb-2024,09-Feb-2024,12-Feb-2024,14-Feb-2024,2024-03-13,2024-05-12,capital-sfb-ipo
1640,Jana Small Finance Bank Ltd.,Mainboard,07-Feb-2024,09-Feb-2024,12-Feb-2024,14-Feb-2024,2024-03-13,2024-05-12,jana-sfb-ipo
1634,Rashi Peripherals Ltd.,Mainboard,07-Feb-2024,09-Feb-2024,12-Feb-2024,14-Feb-2024,2024-03-13,2024-05-12,rashi-peripherals-ipo
1635,Apeejay Surrendra Park Hotels Ltd.,Mainboard,05-Feb-2024,07-Feb-2024,08-Feb-2024,12-Feb-2024,2024-03-09,2024-05-08,apeejay-surrendra-park-ipo
1632,BLS E-Services Ltd.,Mainboard,30-Jan-2024,01-Feb-2024,02-Feb-2024,06-Feb-2024,2024-03-03,2024-05-02,bls-e-services-ipo
1616,Nova AgriTech Ltd.,Mainboard,23-Jan-2024,25-Jan-2024,29-Jan-2024,31-Jan-2024,2024-02-28,2024-04-28,nova-agritech-ipo
1619,EPACK Durable Ltd.,Mainboard,19-Jan-2024,24-Jan-2024,25-Jan-2024,30-Jan-2024,2024-02-24,2024-04-24,epack-durable-ipo
1612,Medi Assist Healthcare Services Ltd.,Mainboard,15-Jan-2024,17-Jan-2024,18-Jan-2024,23-Jan-2024,2024-02-17,2024-04-17,medi-assist-healthcare-ipo
1611,Jyoti CNC Automation Ltd.,Mainboard,09-Jan-2024,11-Jan-2024,12-Jan-2024,16-Jan-2024,2024-02-11,2024-04-11,jyoti-cnc-automation-ipo
2289,Gujarat Kidney & Super Speciality Ltd.,Mainboard,22-Dec-2025,24-Dec-2025,26-Dec-2025,30-Dec-2025,2026-01-25,2026-03-26,gujarat-kidney-and-super-speciality-ipo
2454,KSH International Ltd.,Mainboard,16-Dec-2025,18-Dec-2025,19-Dec-2025,23-Dec-2025,2026-01-18,2026-03-19,ksh-international-ipo
2525,ICICI Prudential Asset Management Co.Ltd.,Mainboard,12-Dec-2025,16-Dec-2025,17-Dec-2025,19-Dec-2025,2026-01-16,2026-03-17,icici-prudential-amc-ipo
2297,Park Medi World Ltd.,Mainboard,10-Dec-2025,12-Dec-2025,15-Dec-2025,17-Dec-2025,2026-01-14,2026-03-15,park-medi-world-ipo
2548,Nephrocare Health Services Ltd.,Mainboard,10-Dec-2025,12-Dec-2025,15-Dec-2025,17-Dec-2025,2026-01-14,2026-03-15,nephrocare-health-ipo
2433,Corona Remedies Ltd.,Mainboard,08-Dec-2025,10-Dec-2025,11-Dec-2025,15-Dec-2025,2026-01-10,2026-03-11,corona-remedies-ipo
2488,Wakefit Innovations Ltd.,Mainboard,08-Dec-2025,10-Dec-2025,11-Dec-2025,15-Dec-2025,2026-01-10,2026-03-11,wakefit-innovations-ipo
2005,Vidya Wires Ltd.,Mainboard,03-Dec-2025,05-Dec-2025,08-Dec-2025,10-Dec-2025,2026-01-07,2026-03-08,vidya-wires-ipo
2465,Aequs Ltd.,Mainboard,03-Dec-2025,05-Dec-2025,08-Dec-2025,10-Dec-2025,2026-01-07,2026-03-08,aequs-ipo
2516,Meesho Ltd.,Mainboard,03-Dec-2025,05-Dec-2025,08-Dec-2025,10-Dec-2025,2026-01-07,2026-03-08,meesho-ipo
2484,Sudeep Pharma Ltd.,Mainboard,21-Nov-2025,25-Nov-2025,26-Nov-2025,28-Nov-2025,2025-12-26,2026-02-24,sudeep-pharma-ipo
2148,Excelsoft Technologies Ltd.,Mainboard,19-Nov-2025,21-Nov-2025,24-Nov-2025,26-Nov-2025,2025-12-24,2026-02-22,excelsoft-technologies-ipo
2476,Capillary Technologies India Ltd.,Mainboard,14-Nov-2025,18-Nov-2025,19-Nov-2025,21-Nov-2025,2025-12-19,2026-02-17,capillary-technologies-ipo
2025,Fujiyama Power Systems Ltd.,Mainboard,13-Nov-2025,17-Nov-2025,18-Nov-2025,20-Nov-2025,2025-12-18,2026-02-16,fujiyama-power-systems-ipo
2509,Tenneco Clean Air India Ltd.,Mainboard,12-Nov-2025,14-Nov-2025,17-Nov-2025,19-Nov-2025,2025-12-17,2026-02-15,tenneco-clean-ipo
2266,PhysicsWallah Ltd.,Mainboard,11-Nov-2025,13-Nov-2025,14-Nov-2025,18-Nov-2025,2025-12-14,2026-02-12,physicswallah-ipo
2518,Emmvee Photovoltaic Power Ltd.,Mainboard,11-Nov-2025,13-Nov-2025,14-Nov-2025,18-Nov-2025,2025-12-14,2026-02-12,emmvee-photovoltaic-ipo
2487,Pine Labs Ltd.,Mainboard,07-Nov-2025,11-Nov-2025,12-Nov-2025,14-Nov-2025,2025-12-12,2026-02-10,pine-labs-ipo
2453,Billionbrains Garage Ventures Ltd.,Mainboard,04-Nov-2025,07-Nov-2025,10-Nov-2025,12-Nov-2025,2025-12-10,2026-02-08,groww-ipo
2551,Lenskart Solutions Ltd.,Mainboard,31-Oct-2025,04-Nov-2025,06-Nov-2025,10-Nov-2025,2025-12-06,2026-02-04,lenskart-solutions-ipo
2259,Studds Accessories Ltd.,Mainboard,30-Oct-2025,03-Nov-2025,04-Nov-2025,07-Nov-2025,2025-12-04,2026-02-02,studds-accessories-ipo
2470,Orkla India Ltd.,Mainboard,29-Oct-2025,31-Oct-2025,03-Nov-2025,06-Nov-2025,2025-12-03,2026-02-01,orkla-india-ipo
2150,Midwest Ltd.,Mainboard,15-Oct-2025,17-Oct-2025,20-Oct-2025,24-Oct-2025,2025-11-19,2026-01-18,midwest-ipo
2429,Canara HSBC Life Insurance Co.Ltd.,Mainboard,10-Oct-2025,14-Oct-2025,15-Oct-2025,17-Oct-2025,2025-11-14,2026-01-13,canara-hsbc-life-insurance-ipo
2254,Rubicon Research Ltd.,Mainboard,09-Oct-2025,13-Oct-2025,14-Oct-2025,16-Oct-2025,2025-11-13,2026-01-12,rubicon-research-ipo
2428,Canara Robeco Asset Management Co.Ltd.,Mainboard,09-Oct-2025,13-Oct-2025,14-Oct-2025,16-Oct-2025,2025-11-13,2026-01-12,canara-robeco-ipo
2064,LG Electronics India Ltd.,Mainboard,07-Oct-2025,09-Oct-2025,10-Oct-2025,14-Oct-2025,2025-11-09,2026-01-08,lg-electronics-india-ipo
2317,Tata Capital Ltd.,Mainboard,06-Oct-2025,08-Oct-2025,09-Oct-2025,13-Oct-2025,2025-11-08,2026-01-07,tata-capital-ipo
2014,WeWork India Management Ltd.,Mainboard,03-Oct-2025,07-Oct-2025,08-Oct-2025,10-Oct-2025,2025-11-07,2026-01-06,wework-india-management-ipo
2290,Advance Agrolife Ltd.,Mainboard,30-Sep-2025,03-Oct-2025,06-Oct-2025,08-Oct-2025,2025-11-05,2026-01-04,advance-agrolife-ipo
2407,Om Freight Forwarders Ltd.,Mainboard,29-Sep-2025,03-Oct-2025,06-Oct-2025,08-Oct-2025,2025-11-05,2026-01-04,om-freight-forwarders-ipo
1998,Glottis Ltd.,Mainboard,29-Sep-2025,01-Oct-2025,03-Oct-2025,07-Oct-2025,2025-11-02,2026-01-01,glottis-ipo
2624,Fabtech Technologies Ltd.,Mainboard,29-Sep-2025,01-Oct-2025,03-Oct-2025,07-Oct-2025,2025-11-02,2026-01-01,fabtech-technologies-ipo
2306,Pace Digitek Ltd.,Mainboard,26-Sep-2025,30-Sep-2025,01-Oct-2025,06-Oct-2025,2025-10-31,2025-12-30,pace-digitek-ipo
2231,Trualt Bioenergy Ltd.,Mainboard,25-Sep-2025,29-Sep-2025,30-Sep-2025,03-Oct-2025,2025-10-30,2025-12-29,trualt-bioenergy-ipo
2432,Jinkushal Industries Ltd.,Mainboard,25-Sep-2025,29-Sep-2025,30-Sep-2025,03-Oct-2025,2025-10-30,2025-12-29,jinkushal-industries-ipo
2023,Epack Prefab Technologies Ltd.,Mainboard,24-Sep-2025,26-Sep-2025,29-Sep-2025,01-Oct-2025,2025-10-29,2025-12-28,epack-prefab-technologies-ipo
2212,BMW Ventures Ltd.,Mainboard,24-Sep-2025,26-Sep-2025,29-Sep-2025,01-Oct-2025,2025-10-29,2025-12-28,bmw-ventures-ipo
2345,Jain Resource Recycling Ltd.,Mainboard,24-Sep-2025,26-Sep-2025,29-Sep-2025,01-Oct-2025,2025-10-29,2025-12-28,jain-resource-recycling-ipo
2028,Anand Rathi Share & Stock Brokers Ltd.,Mainboard,23-Sep-2025,25-Sep-2025,26-Sep-2025,30-Sep-2025,2025-10-26,2025-12-25,anand-rathi-stock-brokers-ipo
2048,Seshaasai Technologies Ltd.,Mainboard,23-Sep-2025,25-Sep-2025,26-Sep-2025,30-Sep-2025,2025-10-26,2025-12-25,seshaasai-technologies-ipo
2075,Jaro Institute of Technology Management & Research Ltd.,Mainboard,23-Sep-2025,25-Sep-2025,26-Sep-2025,30-Sep-2025,2025-10-26,2025-12-25,jaro-education-ipo
2174,Solarworld Energy Solutions Ltd.,Mainboard,23-Sep-2025,25-Sep-2025,26-Sep-2025,30-Sep-2025,2025-10-26,2025-12-25,solarworld-energy-ipo
2011,Atlanta Electricals Ltd.,Mainboard,22-Sep-2025,24-Sep-2025,25-Sep-2025,29-Sep-2025,2025-10-25,2025-12-24,atlanta-electricals-ipo
2045,Ganesh Consumer Products Ltd.,Mainboard,22-Sep-2025,24-Sep-2025,25-Sep-2025,29-Sep-2025,2025-10-25,2025-12-24,ganesh-consumer-ipo
2042,GK Energy Ltd.,Mainboard,19-Sep-2025,23-Sep-2025,24-Sep-2025,26-Sep-2025,2025-10-24,2025-12-23,gk-energy-ipo
2082,Saatvik Green Energy Ltd.,Mainboard,19-Sep-2025,23-Sep-2025,24-Sep-2025,26-Sep-2025,2025-10-24,2025-12-23,saatvik-green-energy-ipo
2227,Ivalue Infosolutions Ltd.,Mainboard,18-Sep-2025,22-Sep-2025,23-Sep-2025,25-Sep-2025,2025-10-23,2025-12-22,ivalue-infosolutions-ipo
2161,VMS TMT Ltd.,Mainboard,17-Sep-2025,19-Sep-2025,22-Sep-2025,24-Sep-2025,2025-10-22,2025-12-21,vms-tmt-ipo
2015,Euro Pratik Sales Ltd.,Mainboard,16-Sep-2025,18-Sep-2025,19-Sep-2025,23-Sep-2025,2025-10-19,2025-12-18,euro-pratik-ipo
2003,Shringar House of Mangalsutra Ltd.,Mainboard,10-Sep-2025,12-Sep-2025,15-Sep-2025,17-Sep-2025,2025-10-15,2025-12-14,shringar-house-of-mangalsutra-ipo
2117,Dev Accelerator Ltd.,Mainboard,10-Sep-2025,12-Sep-2025,15-Sep-2025,17-Sep-2025,2025-10-15,2025-12-14,dev-accelerator-ipo
2425,Urban Co.Ltd.,Mainboard,10-Sep-2025,12-Sep-2025,15-Sep-2025,17-Sep-2025,2025-10-15,2025-12-14,urban-company-ipo
2001,Amanta Healthcare Ltd.,Mainboard,01-Sep-2025,03-Sep-2025,04-Sep-2025,09-Sep-2025,2025-10-04,2025-12-03,amanta-healthcare-ipo
2053,Anlon Healthcare Ltd.,Mainboard,26-Aug-2025,29-Aug-2025,01-Sep-2025,03-Sep-2025,2025-10-01,2025-11-30,anlon-healthcare-ipo
2126,Vikran Engineering Ltd.,Mainboard,26-Aug-2025,29-Aug-2025,01-Sep-2025,03-Sep-2025,2025-10-01,2025-11-30,vikran-engineering-ipo
2069,Mangal Electrical Industries Ltd.,Mainboard,20-Aug-2025,22-Aug-2025,25-Aug-2025,28-Aug-2025,2025-09-24,2025-11-23,mangal-electrical-ipo
2018,Shreeji Shipping Global Ltd.,Mainboard,19-Aug-2025,21-Aug-2025,22-Aug-2025,26-Aug-2025,2025-09-21,2025-11-20,shreeji-shipping-global-ipo
2032,Gem Aromatics Ltd.,Mainboard,19-Aug-2025,21-Aug-2025,22-Aug-2025,26-Aug-2025,2025-09-21,2025-11-20,gem-aromatics-ipo
2152,Vikram Solar Ltd.,Mainboard,19-Aug-2025,21-Aug-2025,22-Aug-2025,26-Aug-2025,2025-09-21,2025-11-20,vikram-solar-ipo
2318,Patel Retail Ltd.,Mainboard,19-Aug-2025,21-Aug-2025,22-Aug-2025,26-Aug-2025,2025-09-21,2025-11-20,patel-retail-ipo
2035,Regaal Resources Ltd.,Mainboard,12-Aug-2025,14-Aug-2025,18-Aug-2025,20-Aug-2025,2025-09-17,2025-11-16,regaal-resources-ipo
2059,BlueStone Jewellery & Lifestyle Ltd.,Mainboard,11-Aug-2025,13-Aug-2025,14-Aug-2025,19-Aug-2025,2025-09-13,2025-11-12,bluestone-jewellery-ipo
2125,All Time Plastics Ltd.,Mainboard,07-Aug-2025,11-Aug-2025,12-Aug-2025,14-Aug-2025,2025-09-11,2025-11-10,all-time-plastics-ipo
2230,JSW Cement Ltd.,Mainboard,07-Aug-2025,11-Aug-2025,12-Aug-2025,14-Aug-2025,2025-09-11,2025-11-10,jsw-cement-ipo
2180,Highway Infrastructure Ltd.,Mainboard,05-Aug-2025,07-Aug-2025,08-Aug-2025,12-Aug-2025,2025-09-07,2025-11-06,highway-infrastructure-ipo
2027,Sri Lotus Developers & Realty Ltd.,Mainboard,30-Jul-2025,01-Aug-2025,04-Aug-2025,06-Aug-2025,2025-09-03,2025-11-02,sri-lotus-developers-and-realty-ipo
2049,M&B Engineering Ltd.,Mainboard,30-Jul-2025,01-Aug-2025,04-Aug-2025,06-Aug-2025,2025-09-03,2025-11-02,mb-engineering-ipo
2448,National Securities Depository Ltd.,Mainboard,30-Jul-2025,01-Aug-2025,04-Aug-2025,06-Aug-2025,2025-09-03,2025-11-02,national-securities-depository-limited-nsdl-ipo
2030,Laxmi India Finance Ltd.,Mainboard,29-Jul-2025,31-Jul-2025,01-Aug-2025,05-Aug-2025,2025-08-31,2025-10-30,laxmi-india-finance-ipo
2036,Aditya Infotech Ltd.,Mainboard,29-Jul-2025,31-Jul-2025,01-Aug-2025,05-Aug-2025,2025-08-31,2025-10-30,aditya-infotech-ipo
2008,Shanti Gold International Ltd.,Mainboard,25-Jul-2025,29-Jul-2025,30-Jul-2025,01-Aug-2025,2025-08-29,2025-10-28,shanti-gold-ipo
2094,Brigade Hotel Ventures Ltd.,Mainboard,24-Jul-2025,28-Jul-2025,29-Jul-2025,31-Jul-2025,2025-08-28,2025-10-27,brigade-hotel-ventures-ipo
2038,Indiqube Spaces Ltd.,Mainboard,23-Jul-2025,25-Jul-2025,28-Jul-2025,30-Jul-2025,2025-08-27,2025-10-26,indiqube-spaces-ipo
2046,GNG Electronics Ltd.,Mainboard,23-Jul-2025,25-Jul-2025,28-Jul-2025,30-Jul-2025,2025-08-27,2025-10-26,gng-electronics-ipo
2029,Anthem Biosciences Ltd.,Mainboard,14-Jul-2025,16-Jul-2025,17-Jul-2025,21-Jul-2025,2025-08-16,2025-10-15,anthem-biosciences-ipo
2034,Smartworks Coworking Spaces Ltd.,Mainboard,10-Jul-2025,14-Jul-2025,15-Jul-2025,17-Jul-2025,2025-08-14,2025-10-13,smartworks-coworking-ipo
2054,Travel Food Services Ltd.,Mainboard,07-Jul-2025,09-Jul-2025,10-Jul-2025,14-Jul-2025,2025-08-09,2025-10-08,travel-food-services-ipo
2096,Crizac Ltd.,Mainboard,02-Jul-2025,04-Jul-2025,07-Jul-2025,09-Jul-2025,2025-08-06,2025-10-05,crizac-ipo
2074,Indogulf Cropsciences Ltd.,Mainboard,26-Jun-2025,30-Jun-2025,01-Jul-2025,03-Jul-2025,2025-07-31,2025-09-29,indogulf-cropsciences-ipo
2073,Sambhv Steel Tubes Ltd.,Mainboard,25-Jun-2025,27-Jun-2025,30-Jun-2025,02-Jul-2025,2025-07-30,2025-09-28,sambhv-steel-tubes-ipo
2110,HDB Financial Services Ltd.,Mainboard,25-Jun-2025,27-Jun-2025,30-Jun-2025,02-Jul-2025,2025-07-30,2025-09-28,hdb-financial-ipo
2149,Globe Civil Projects Ltd.,Mainboard,24-Jun-2025,26-Jun-2025,27-Jun-2025,01-Jul-2025,2025-07-27,2025-09-25,globe-civil-projects-ipo
2189,Ellenbarrie Industrial Gases Ltd.,Mainboard,24-Jun-2025,26-Jun-2025,27-Jun-2025,01-Jul-2025,2025-07-27,2025-09-25,ellenbarrie-industrial-gases-ipo
2229,Kalpataru Ltd.,Mainboard,24-Jun-2025,26-Jun-2025,27-Jun-2025,01-Jul-2025,2025-07-27,2025-09-25,kalpataru-ipo
1971,Arisinfra Solutions Ltd.,Mainboard,18-Jun-2025,20-Jun-2025,23-Jun-2025,25-Jun-2025,2025-07-23,2025-09-21,arisinfra-solutions-ipo
2202,Oswal Pumps Ltd.,Mainboard,13-Jun-2025,17-Jun-2025,18-Jun-2025,20-Jun-2025,2025-07-18,2025-09-16,oswal-pumps-ipo
2172,Scoda Tubes Ltd.,Mainboard,28-May-2025,30-May-2025,02-Jun-2025,04-Jun-2025,2025-07-02,2025-08-31,scoda-tubes-ipo
2016,Prostarm Info Systems Ltd.,Mainboard,27-May-2025,29-May-2025,30-May-2025,03-Jun-2025,2025-06-29,2025-08-28,prostarm-info-systems-ipo
2080,Aegis Vopak Terminals Ltd.,Mainboard,26-May-2025,28-May-2025,29-May-2025,02-Jun-2025,2025-06-28,2025-08-27,aegis-vopak-terminals-ipo
2182,Schloss Bangalore Ltd.,Mainboard,26-May-2025,28-May-2025,29-May-2025,02-Jun-2025,2025-06-28,2025-08-27,leela-hotels-ipo
2083,Belrise Industries Ltd.,Mainboard,21-May-2025,23-May-2025,26-May-2025,28-May-2025,2025-06-25,2025-08-24,belrise-industries-ipo
2099,Borana Weaves Ltd.,Mainboard,20-May-2025,22-May-2025,23-May-2025,27-May-2025,2025-06-22,2025-08-21,borana-weaves-ipo
2357,Ather Energy Ltd.,Mainboard,28-Apr-2025,30-Apr-2025,02-May-2025,06-May-2025,2025-06-01,2025-07-31,ather-energy-ipo
1988,Quality Power Electrical Equipments Ltd.,Mainboard,14-Feb-2025,18-Feb-2025,19-Feb-2025,24-Feb-2025,2025-03-21,2025-05-20,quality-power-ipo
1985,Hexaware Technologies Ltd.,Mainboard,12-Feb-2025,14-Feb-2025,17-Feb-2025,19-Feb-2025,2025-03-19,2025-05-18,hexaware-technologies-ipo
1983,Ajax Engineering Ltd.,Mainboard,10-Feb-2025,12-Feb-2025,13-Feb-2025,17-Feb-2025,2025-03-15,2025-05-14,ajax-engineering-ipo
1975,Dr.Agarwal's Health Care Ltd.,Mainboard,29-Jan-2025,31-Jan-2025,03-Feb-2025,04-Feb-2025,2025-03-05,2025-05-04,dr-agarwals-healthcare-ipo
1970,Denta Water & Infra Solutions Ltd.,Mainboard,22-Jan-2025,24-Jan-2025,27-Jan-2025,29-Jan-2025,2025-02-26,2025-04-27,denta-water-ipo
1967,Stallion India Fluorochemicals Ltd.,Mainboard,16-Jan-2025,20-Jan-2025,21-Jan-2025,23-Jan-2025,2025-02-20,2025-04-21,stallion-india-ipo
1961,Laxmi Dental Ltd.,Mainboard,13-Jan-2025,15-Jan-2025,16-Jan-2025,20-Jan-2025,2025-02-15,2025-04-16,laxmi-dental-ipo
1954,Quadrant Future Tek Ltd.,Mainboard,07-Jan-2025,09-Jan-2025,10-Jan-2025,14-Jan-2025,2025-02-09,2025-04-10,quadrant-future-tek-ipo
1951,Standard Glass Lining Technology Ltd.,Mainboard,06-Jan-2025,08-Jan-2025,09-Jan-2025,13-Jan-2025,2025-02-08,2025-04-09,standard-glass-lining-ipo
2000,A-One Steels India Ltd.,Mainboard,24-Sep-2026,28-Sep-2026,29-Sep-2026,,2026-10-29,2026-12-28,a-one-steels-ipo
3151,National Stock Exchange of India Ltd.,Mainboard,17-Sep-2026,21-Sep-2026,22-Sep-2026,,2026-10-22,2026-12-21,nse-ipo
2805,Sonaselection India Ltd.,Mainboard,17-Sep-2026,21-Sep-2026,22-Sep-2026,,2026-10-22,2026-12-21,sonaselection-india-ipo
2822,SS Retail Ltd.,Mainboard,16-Sep-2026,18-Sep-2026,21-Sep-2026,,2026-10-21,2026-12-20,ss-retail-ipo
2803,Jindal Supreme (India) Ltd.,Mainboard,16-Sep-2026,18-Sep-2026,21-Sep-2026,,2026-10-21,2026-12-20,jindal-supreme-ipo
2225,Hero Motors Ltd.,Mainboard,16-Sep-2026,18-Sep-2026,21-Sep-2026,,2026-10-21,2026-12-20,hero-motors-ipo
2483,Manika Plastech Ltd.,Mainboard,11-Sep-2026,16-Sep-2026,17-Sep-2026,,2026-10-17,2026-12-16,manika-plastech-ipo
2834,Veegaland Developers Ltd.,Mainboard,10-Sep-2026,15-Sep-2026,16-Sep-2026,,2026-10-16,2026-12-15,veegaland-developers-ipo
2971,Rentomojo Ltd.,Mainboard,09-Sep-2026,11-Sep-2026,15-Sep-2026,,2026-10-15,2026-12-14,rentomojo-ipo
2020,Karamtara Engineering Ltd.,Mainboard,09-Sep-2026,11-Sep-2026,15-Sep-2026,,2026-10-15,2026-12-14,karamtara-engineering-ipo
2086,LCC Projects Ltd.,Mainboard,09-Sep-2026,11-Sep-2026,15-Sep-2026,,2026-10-15,2026-12-14,lcc-projects-ipo
2514,Steamhouse India Ltd.,Mainboard,09-Sep-2026,11-Sep-2026,15-Sep-2026,,2026-10-15,2026-12-14,steamhouse-india-ipo
2524,Manipal Payment & Identity Solutions Ltd.,Mainboard,09-Sep-2026,11-Sep-2026,15-Sep-2026,,2026-10-15,2026-12-14,manipal-payment-and-identity-solutions-ipo
2558,Asset Reconstruction Co.(India) Ltd.,Mainboard,09-Sep-2026,11-Sep-2026,15-Sep-2026,,2026-10-15,2026-12-14,asset-reconstruction-ipo
2856,Kanohar Electricals Ltd.,Mainboard,08-Sep-2026,10-Sep-2026,11-Sep-2026,,2026-10-11,2026-12-10,kanohar-electricals-ipo
2775,Prasol Chemicals Ltd.,Mainboard,08-Sep-2026,10-Sep-2026,11-Sep-2026,,2026-10-11,2026-12-10,prasol-chemicals-ipo
2594,Glass Wall Systems (India) Ltd.,Mainboard,08-Sep-2026,10-Sep-2026,11-Sep-2026,,2026-10-11,2026-12-10,glass-wall-systems-ipo
2127,Pranav Constructions Ltd.,Mainboard,07-Sep-2026,09-Sep-2026,10-Sep-2026,15-Sep-2026,2026-10-10,2026-12-09,pranav-constructions-ipo
2787,Rays of Belief Ltd.,Mainboard,01-Sep-2026,03-Sep-2026,04-Sep-2026,08-Sep-2026,2026-10-04,2026-12-03,rays-of-belief-ipo
2827,Deepa Jewellers Ltd.,Mainboard,01-Sep-2026,03-Sep-2026,04-Sep-2026,08-Sep-2026,2026-10-04,2026-12-03,deepa-jewellers-ipo
2622,Purple Style Labs Ltd.,Mainboard,31-Aug-2026,02-Sep-2026,03-Sep-2026,07-Sep-2026,2026-10-03,2026-12-02,purple-style-labs-ipo
2435,Priority Jewels Ltd.,Mainboard,28-Aug-2026,01-Sep-2026,02-Sep-2026,04-Sep-2026,2026-10-02,2026-12-01,priority-jewels-ipo
1198,ESDS Software Solution Ltd.,Mainboard,28-Aug-2026,01-Sep-2026,02-Sep-2026,04-Sep-2026,2026-10-02,2026-12-01,esds-software-ipo
2013,Lumino Industries Ltd.,Mainboard,27-Aug-2026,31-Aug-2026,01-Sep-2026,03-Sep-2026,2026-10-01,2026-11-30,lumino-industries-ipo
2500,Annu Projects Ltd.,Mainboard,25-Aug-2026,28-Aug-2026,31-Aug-2026,02-Sep-2026,2026-09-30,2026-11-29,annu-projects-ipo
2815,Symbiotec Pharmalab Ltd.,Mainboard,24-Aug-2026,27-Aug-2026,28-Aug-2026,01-Sep-2026,2026-09-27,2026-11-26,symbiotec-pharmalab-ipo
2591,Hy-Tech Engineers Ltd.,Mainboard,24-Aug-2026,27-Aug-2026,28-Aug-2026,01-Sep-2026,2026-09-27,2026-11-26,hy-tech-engineers-ipo
2510,Skyways Air Services Ltd.,Mainboard,24-Aug-2026,27-Aug-2026,28-Aug-2026,01-Sep-2026,2026-09-27,2026-11-26,skyways-air-ipo
2673,Augmont Enterprises Ltd.,Mainboard,21-Aug-2026,25-Aug-2026,27-Aug-2026,31-Aug-2026,2026-09-26,2026-11-25,augmont-enterprises-ipo
2668,Tempsens Instruments (India) Ltd.,Mainboard,20-Aug-2026,24-Aug-2026,25-Aug-2026,28-Aug-2026,2026-09-24,2026-11-23,tempsens-instruments-india-ipo
2527,Gaja Alternative Asset Management Ltd.,Mainboard,19-Aug-2026,21-Aug-2026,24-Aug-2026,26-Aug-2026,2026-09-23,2026-11-22,gaja-alternative-asset-management-ipo
2663,Shankesh Jewellers Ltd.,Mainboard,18-Aug-2026,20-Aug-2026,21-Aug-2026,25-Aug-2026,2026-09-20,2026-11-19,shankesh-jewellers-ipo
2002,Sunshine Pictures Ltd.,Mainboard,18-Aug-2026,20-Aug-2026,21-Aug-2026,25-Aug-2026,2026-09-20,2026-11-19,sunshine-pictures-ipo
2826,Horizon Industrial Parks Ltd.,Mainboard,17-Aug-2026,19-Aug-2026,20-Aug-2026,24-Aug-2026,2026-09-19,2026-11-18,horizon-industrial-parks-ipo
2469,Lalithaa Jewellery Mart Ltd.,Mainboard,17-Aug-2026,19-Aug-2026,20-Aug-2026,24-Aug-2026,2026-09-19,2026-11-18,lalithaa-jewellery-mart-ipo
2659,Behari Lal Engineering Ltd.,Mainboard,12-Aug-2026,14-Aug-2026,17-Aug-2026,19-Aug-2026,2026-09-16,2026-11-15,behari-lal-engineering-ipo
2450,Shiprocket Ltd.,Mainboard,12-Aug-2026,14-Aug-2026,17-Aug-2026,19-Aug-2026,2026-09-16,2026-11-15,shiprocket-ipo
2541,Milky Mist Dairy Food Ltd.,Mainboard,11-Aug-2026,13-Aug-2026,14-Aug-2026,18-Aug-2026,2026-09-13,2026-11-12,milky-mist-dairy-food-ipo
2579,Molbio Diagnostics Ltd.,Mainboard,10-Aug-2026,12-Aug-2026,13-Aug-2026,17-Aug-2026,2026-09-12,2026-11-11,molbio-diagnostics-ipo
2859,Dhoot Transmission Ltd.,Mainboard,10-Aug-2026,12-Aug-2026,13-Aug-2026,17-Aug-2026,2026-09-12,2026-11-11,dhoot-transmission-ipo
2583,LEAP India Ltd.,Mainboard,07-Aug-2026,11-Aug-2026,12-Aug-2026,14-Aug-2026,2026-09-11,2026-11-10,leap-india-ipo
2565,Technocraft Ventures Ltd.,Mainboard,07-Aug-2026,11-Aug-2026,12-Aug-2026,14-Aug-2026,2026-09-11,2026-11-10,technocraft-ventures-ipo
2860,Ardee Industries Ltd.,Mainboard,05-Aug-2026,07-Aug-2026,10-Aug-2026,12-Aug-2026,2026-09-09,2026-11-08,ardee-industries-ipo
2800,MV Electrosystems Ltd.,Mainboard,30-Jul-2026,03-Aug-2026,04-Aug-2026,06-Aug-2026,2026-09-03,2026-11-02,mv-electrosystems-ipo
2492,Juniper Green Energy Ltd.,Mainboard,30-Jul-2026,03-Aug-2026,04-Aug-2026,06-Aug-2026,2026-09-03,2026-11-02,juniper-green-energy-ipo
2956,Manipal Health Enterprises Ltd.,Mainboard,29-Jul-2026,31-Jul-2026,03-Aug-2026,05-Aug-2026,2026-09-02,2026-11-01,manipal-health-enterprises-ipo
2688,Xtranet Technologies Ltd.,Mainboard,23-Jul-2026,27-Jul-2026,28-Jul-2026,30-Jul-2026,2026-08-27,2026-10-26,xtranet-technologies-ipo
2682,Indo-MIM Ltd.,Mainboard,23-Jul-2026,27-Jul-2026,28-Jul-2026,30-Jul-2026,2026-08-27,2026-10-26,indo-mim-ipo
2574,Lohia Corp Ltd.,Mainboard,23-Jul-2026,27-Jul-2026,28-Jul-2026,30-Jul-2026,2026-08-27,2026-10-26,lohia-corp-ipo
1999,Caliber Mining & Logistics Ltd.,Mainboard,17-Jul-2026,21-Jul-2026,22-Jul-2026,24-Jul-2026,2026-08-21,2026-10-20,caliber-mining-ipo
2949,SBI Funds Management Ltd.,Mainboard,14-Jul-2026,16-Jul-2026,17-Jul-2026,21-Jul-2026,2026-08-16,2026-10-15,sbi-funds-management-ipo
2675,Alpine Texworld Ltd.,Mainboard,14-Jul-2026,16-Jul-2026,17-Jul-2026,21-Jul-2026,2026-08-16,2026-10-15,alpine-texworld-ipo
2654,Laser Power & Infra Ltd.,Mainboard,09-Jul-2026,13-Jul-2026,14-Jul-2026,16-Jul-2026,2026-08-13,2026-10-12,laser-power-infra-ipo
2670,Kusumgar Ltd.,Mainboard,08-Jul-2026,10-Jul-2026,13-Jul-2026,15-Jul-2026,2026-08-12,2026-10-11,kusumgar-ipo
2592,Knack Packaging Ltd.,Mainboard,01-Jul-2026,03-Jul-2026,06-Jul-2026,08-Jul-2026,2026-08-05,2026-10-04,knack-packaging-ipo
2678,Aastha Spintex Ltd.,Mainboard,29-Jun-2026,01-Jul-2026,02-Jul-2026,06-Jul-2026,2026-08-01,2026-09-30,aastha-spintex-ipo
2641,CSM Technologies Ltd.,Mainboard,24-Jun-2026,29-Jun-2026,30-Jun-2026,02-Jul-2026,2026-07-30,2026-09-28,csm-technologies-ipo
2686,Advit Jewels Ltd.,Mainboard,23-Jun-2026,25-Jun-2026,29-Jun-2026,01-Jul-2026,2026-07-29,2026-09-27,advit-jewels-ipo
2474,Waterways Leisure Tourism Ltd.,Mainboard,23-Jun-2026,25-Jun-2026,29-Jun-2026,01-Jul-2026,2026-07-29,2026-09-27,cordelia-cruises-ipo
2601,Turtlemint Fintech Solutions Ltd.,Mainboard,19-Jun-2026,23-Jun-2026,24-Jun-2026,29-Jun-2026,2026-07-24,2026-09-22,turtlemint-fintech-solutions-ipo
2658,Hexagon Nutrition Ltd.,Mainboard,05-Jun-2026,09-Jun-2026,10-Jun-2026,12-Jun-2026,2026-07-10,2026-09-08,hexagon-nutrition-ipo
2586,CMR Green Technologies Ltd.,Mainboard,03-Jun-2026,05-Jun-2026,08-Jun-2026,10-Jun-2026,2026-07-08,2026-09-06,cmr-green-technologies-ipo
2576,OnEMI Technology Solutions Ltd.,Mainboard,30-Apr-2026,05-May-2026,06-May-2026,08-May-2026,2026-06-05,2026-08-04,onemi-technology-ipo
2676,Om Power Transmission Ltd.,Mainboard,09-Apr-2026,13-Apr-2026,15-Apr-2026,17-Apr-2026,2026-05-15,2026-07-14,om-power-transmission-ipo
2681,Sai Parenteral's Ltd.,Mainboard,24-Mar-2026,27-Mar-2026,30-Mar-2026,02-Apr-2026,2026-04-29,2026-06-28,sai-parenterals-ipo
2570,Powerica Ltd.,Mainboard,24-Mar-2026,27-Mar-2026,30-Mar-2026,02-Apr-2026,2026-04-29,2026-06-28,powerica-ipo
2501,Amir Chand Jagdish Kumar (Exports) Ltd.,Mainboard,24-Mar-2026,27-Mar-2026,30-Mar-2026,02-Apr-2026,2026-04-29,2026-06-28,amir-chand-jagdish-kumar-ipo
2456,Central Mine Planning & Design Institute Ltd.,Mainboard,20-Mar-2026,24-Mar-2026,25-Mar-2026,30-Mar-2026,2026-04-24,2026-06-23,central-mine-planning-design-institute-ipo
2031,GSP Crop Science Ltd.,Mainboard,16-Mar-2026,18-Mar-2026,20-Mar-2026,24-Mar-2026,2026-04-19,2026-06-18,gsp-crop-ipo
2039,Innovision Ltd.,Mainboard,10-Mar-2026,17-Mar-2026,18-Mar-2026,23-Mar-2026,2026-04-17,2026-06-16,innovision-limited-ipo
2067,Rajputana Stainless Ltd.,Mainboard,09-Mar-2026,11-Mar-2026,17-Mar-2026,19-Mar-2026,2026-04-16,2026-06-15,rajputana-stainless-ipo
2794,SEDEMAC Mechatronics Ltd.,Mainboard,04-Mar-2026,06-Mar-2026,09-Mar-2026,11-Mar-2026,2026-04-08,2026-06-07,sedemac-mechatronics-ipo
2479,Omnitech Engineering Ltd.,Mainboard,25-Feb-2026,27-Feb-2026,02-Mar-2026,05-Mar-2026,2026-04-01,2026-05-31,omnitech-engineering-ipo
2475,PNGS Reva Diamond Jewellery Ltd.,Mainboard,24-Feb-2026,26-Feb-2026,27-Feb-2026,04-Mar-2026,2026-03-29,2026-05-28,pngs-reva-ipo
2573,Clean Max Enviro Energy Solutions Ltd.,Mainboard,23-Feb-2026,25-Feb-2026,26-Feb-2026,02-Mar-2026,2026-03-28,2026-05-27,clean-max-enviro-energy-solutions-ipo
2502,Shree Ram Twistex Ltd.,Mainboard,23-Feb-2026,25-Feb-2026,26-Feb-2026,02-Mar-2026,2026-03-28,2026-05-27,shree-ram-twistex-ipo
2019,Gaudium IVF & Women Health Ltd.,Mainboard,20-Feb-2026,24-Feb-2026,25-Feb-2026,27-Feb-2026,2026-03-27,2026-05-26,gaudium-ivf-ipo
2569,Fractal Analytics Ltd.,Mainboard,09-Feb-2026,11-Feb-2026,12-Feb-2026,16-Feb-2026,2026-03-14,2026-05-13,fractal-analytics-ipo
2026,Aye Finance Ltd.,Mainboard,09-Feb-2026,11-Feb-2026,12-Feb-2026,16-Feb-2026,2026-03-14,2026-05-13,aye-finance-ipo
2526,Shadowfax Technologies Ltd.,Mainboard,20-Jan-2026,22-Jan-2026,23-Jan-2026,28-Jan-2026,2026-02-22,2026-04-23,shadowfax-technologies-ipo
2549,Amagi Media Labs Ltd.,Mainboard,13-Jan-2026,16-Jan-2026,19-Jan-2026,21-Jan-2026,2026-02-18,2026-04-19,amagi-media-labs-ipo
2462,Bharat Coking Coal Ltd.,Mainboard,09-Jan-2026,13-Jan-2026,14-Jan-2026,19-Jan-2026,2026-02-13,2026-04-14,bharat-coking-coal-ipo
