date,close,high,low,open,volume
2022-06-01,805.1129150390625,839.4087586049206,798.7333850526618,839.4087586049206,5999099
2022-06-02,824.587158203125,827.8009296143224,798.9252341787059,802.7145767264578,3553217
2022-06-03,829.911376953125,839.4087103541337,820.0783034889766,827.081417285935,2618353
2022-06-06,824.8270263671875,838.4014887144522,823.1002543273521,829.815524467552,2095566
2022-06-07,813.746826171875,822.5246668159522,804.4893233844604,820.2222651069296,3031449
2022-06-08,812.7875366210938,819.2629758328876,803.5300334380436,810.7249658955924,3208941
2022-06-09,823.9154663085938,827.0332695822983,801.467317869418,811.5881752474061,2297715
2022-06-10,811.3004760742188,819.2149006112894,807.7509648743655,815.4255583648583,2124778
2022-06-13,795.7594604492188,816.3849316965463,786.4060490696168,805.8323650118671,2191412
2022-06-14,791.490478515625,801.659350925351,788.4206291362265,792.4018482840802,2461692
2022-06-15,788.852294921875,796.287057631836,785.8304587583608,791.682313083264,2008725
2022-06-16,781.4654541015625,792.4017731814843,773.7429061581754,789.1400475464195,2327414
2022-06-17,761.1279296875,777.3404753675698,757.7702946081796,772.4479448158495,5719089
2022-06-20,772.5438232421875,780.4102939699644,762.1831328323746,768.4187405899711,2745302
2022-06-21,784.1996459960938,786.9336967786676,772.5917870529119,773.7909424053579,1342717
2022-06-22,776.3810424804688,787.6051470292666,770.5771429369775,780.8898778097723,2032073
2022-06-23,791.3465576171875,792.8814529193213,775.6136172840547,776.572941486014,1778752
2022-06-24,791.058837890625,799.8846336468065,788.084955817977,794.2246550968455,1404748
2022-06-27,801.6593627929688,813.5069943007561,794.3205085861157,794.3205085861157,2980249
2022-06-28,794.8961181640625,803.434128140832,791.4905284955795,802.9544659747777,2823691
2022-06-29,804.5853271484375,809.3819487976442,790.3393257187873,790.4832477892677,2975927
2022-06-30,796.8146362304688,813.650822341532,790.1473800570858,801.9950101957961,3809670
2022-07-01,795.5196533203125,802.9064619323109,791.4425251603953,796.1432375187144,2316527
2022-07-04,795.6635131835938,805.4965862123695,788.4685816991238,791.7302488405821,2097164
2022-07-05,801.8031616210938,812.3557279128472,793.0253802462734,795.6635218192117,2682730
2022-07-06,803.6258544921875,808.3745207589359,797.4382019962729,805.8322883330758,2364840
2022-07-07,814.8980102539062,818.2076906853149,807.894954815821,808.7583115245538,2327906
2022-07-08,822.8124389648438,824.5392109421794,815.1857992997288,818.7832653160559,2927832
2022-07-11,822.3807373046875,827.8968519031149,816.4808695740621,821.9490296690917,1768048
2022-07-12,816.9605712890625,825.0189190355298,814.4663514664708,818.3036487643104,1695338
2022-07-13,825.1627807617188,828.136662529063,814.8020319732168,819.8384843083197,2663538
2022-07-14,844.1094360351562,847.0353633046223,829.0480335097417,832.1178828385691,4934156
2022-07-15,842.6704711914062,848.9540335165334,837.3461745940205,848.9060790130225,1413559
2022-07-18,846.8914794921875,859.1708188095454,842.8143512212184,852.4555487161846,2866600
2022-07-19,839.6965942382812,855.0457838820383,837.969822113861,844.2054304066373,1604458
2022-07-20,832.2137451171875,848.7141330997522,826.9854165065271,848.7141330997522,2885666
2022-07-21,834.2763671875,842.190792342532,828.5683761227635,836.5307557803551,2321107
2022-07-22,838.9290161132812,840.5119244703451,831.2544224838858,835.5713814004207,1939758
2022-07-25,833.0291137695312,842.2866153662538,821.5652368602481,834.6120220599554,2419358
2022-07-26,832.357666015625,841.7110769708461,826.9374608615984,833.8446068159545,1560211
2022-07-27,857.6358642578125,860.5138369566641,830.8227402363431,832.2137720846223,2797789
2022-07-28,858.451171875,860.3698201295589,843.0060768468003,859.5544180423706,3183169
2022-07-29,904.8347778320312,913.2288662582012,843.2461401832311,860.5139792313519,11315800
2022-08-01,881.3311767578125,901.7168165284181,872.9850442941696,901.7168165284181,4219890
2022-08-02,879.940185546875,888.9098440390512,874.95168763867,881.3312174471207,2043767
2022-08-03,860.5137939453125,880.4677252828194,857.2041137965609,877.7816292753187,2863168
2022-08-04,881.1392822265625,882.5782685339549,859.1707345127054,864.3511086403188,3151481
2022-08-05,878.693115234375,891.2122857947247,874.8078634815091,882.0987048312695,3317738
2022-08-08,873.3687744140625,882.3863867554683,871.4501260155715,882.3863867554683,2677742
2022-08-10,882.2905883789062,889.2936442009468,876.0549803019849,876.0549803019849,3077870
2022-08-11,883.5856323242188,889.1977145949704,880.1320882749164,885.4563264144693,1526395
2022-08-12,876.2948608398438,885.264520312658,870.2511289962221,883.5857026587346,1384417
2022-08-16,877.39794921875,882.0507070348184,869.4355695309242,870.1071082268265,1635836
2022-08-17,883.345703125,888.3342006273602,877.7816345291951,881.6189312921642,1828327
2022-08-18,879.4605102539062,881.6189898263865,858.7870842813186,872.9850715364654,2989998
2022-08-19,867.5258178710938,886.2459467938673,864.3015538351965,881.6260838675279,1708425
2022-08-22,847.5062866210938,869.5469599772299,845.1963847648897,866.7076505391202,2860170
2022-08-23,855.0618286132812,858.5267111244058,839.8546941334437,841.3465756609015,2314528
2022-08-24,847.939453125,866.1783441437766,845.1001435477672,858.5266653660614,3223687
2022-08-25,844.3782348632812,857.227295064271,842.164556919754,854.6767160511332,5016244
2022-08-26,847.1213989257812,857.0829799676541,845.1482804994044,849.1906824963756,1542618
2022-08-29,846.255126953125,847.939456179361,832.5398746823464,839.2771915872903,2068888
2022-08-30,859.5372924804688,861.8953652510423,848.9019677849462,849.8644416713238,3672052
2022-09-01,839.1327514648438,868.055135889814,837.7372114632196,859.4890956491666,2939235
2022-09-02,836.919189453125,845.0521058655871,833.5024187694743,840.1435123476377,1963435
2022-09-05,851.4044189453125,852.896300539558,832.0106044123385,836.3898490652845,2808538
2022-09-06,854.4361572265625,857.2754668226731,849.4312814758365,853.7143018416907,2252661
2022-09-07,860.2110595703125,862.7616389371466,846.4958063128278,846.4958063128278,1698682
2022-09-08,860.740478515625,866.948447507342,853.7144301293505,864.5422625295254,1772605
2022-09-09,856.6016845703125,868.0551463225752,853.4255327697299,860.9328166833085,1405210
2022-09-12,854.3880004882812,861.5584420176818,851.88553337175,857.7566587744001,1571387
2022-09-13,856.74609375,859.7778510339589,850.3456193537426,856.4573046084173,2216354
2022-09-14,850.5862426757812,864.0127642808279,847.0250777750365,851.4043219289736,1889322
2022-09-15,841.4907836914062,854.8210803094574,838.4108559577753,849.8643170237127,1780723
2022-09-16,835.475341796875,857.0828896175967,833.309775820862,845.7257109145647,5625488
2022-09-19,842.0201416015625,844.0413717351948,824.6475020616657,839.6621278960955,1920725
2022-09-20,877.72802734375,880.4229423382258,843.897048477514,844.6189038552168,4408042
2022-09-21,871.3274536132812,887.8820134725013,868.776933482667,884.0802305005557,4153228
2022-09-22,873.92626953125,877.0543095928981,861.7028396952454,866.1302547216546,2317690
2022-09-23,886.53466796875,891.9245569472358,868.7289011767264,868.7289011767264,4802181
2022-09-26,866.9002075195312,891.5876264988608,865.312102170828,883.502881414327,3760536
2022-09-27,863.4834594726562,875.7068306754677,860.8366563194148,871.2794743533975,3096645
2022-09-28,883.4065551757812,891.2507401556079,858.5747428469595,860.4515785087618,5559336
2022-09-29,895.7744140625,919.6437535302447,890.3845253151118,890.3845253151118,8519098
2022-09-30,913.0509033203125,915.2645815767305,895.1007413006328,898.9025250153211,4182345
2022-10-03,909.0564575195312,931.5301961000711,907.372128455837,917.1893724617447,4444578
2022-10-04,909.1046142578125,920.4136813856294,907.6609035606444,919.8362206046576,1856830
2022-10-06,918.1038818359375,925.8998969715839,911.9921372899536,918.8738492112891,3449485
2022-10-07,919.3069458007812,925.4667433579331,910.692792864992,917.237603470291,1762328
2022-10-10,910.5484008789062,918.4406984304535,900.1536947415055,910.452176988967,1683827
2022-10-11,909.2971801757812,916.1788917797982,904.7254293360512,915.1201352858573,2426935
2022-10-12,919.6920166015625,923.975037639571,905.7361436372148,910.500401673994,2875040
2022-10-13,932.0597534179688,937.2089653135779,915.7939209200199,920.943132815629,4498223
2022-10-14,939.6631469726562,943.1280878544451,927.8247311355384,939.3744165853584,3307000
2022-10-17,943.2244262695312,948.0367957913146,936.7758393613926,939.6632610744626,2647369
2022-10-18,941.6362915039062,948.036766266445,936.2464613052633,946.8336739234672,2065146
2022-10-19,940.24072265625,943.8981115182155,928.8353723464237,938.9894596619862,2424533
2022-10-20,943.5612182617188,945.9674028941449,930.2790908396745,933.599637381371,1669666
2022-10-21,941.0107421875,954.677883293335,939.1339063367252,944.1868943031795,1791608
2022-10-24,949.9616088867188,952.8009182508797,945.2454639262659,948.9991351188497,191840
2022-10-25,954.3408813476562,959.923217619444,948.5179266266988,954.7258943642231,2119595
2022-10-27,973.6867065429688,975.371035802425,955.255308577308,961.5113886838596,4379157
2022-10-28,952.84912109375,965.8425181995739,950.4910483885594,964.3988074100379,3934980
2022-10-31,978.7396850585938,988.7494366322417,954.004095276299,957.61337222669,3546309
2022-11-01,997.7003784179688,1009.6350777635955,980.905256579659,983.6001716350365,5264069
2022-11-02,1012.4742431640625,1030.7612449350945,993.8985697534885,999.8178069825333,5923662
2022-11-03,1005.0151977539062,1015.9874236940054,1000.5397881177579,1005.785223868453,2386317
2022-11-04,1000.8766479492188,1007.1327283982365,992.7436728718008,1006.074030589378,1576349
2022-11-07,989.7598876953125,1010.5492978355497,982.6857289135653,1005.7850996226011,2853521
2022-11-09,975.5154418945312,997.7486249674997,972.0986711853539,981.7715224516646,2268760
2022-11-10,972.7241821289062,983.9369667980089,968.9705107621528,972.0985506528675,2419991
2022-11-11,975.5154418945312,992.7436900280968,971.9542765976751,977.6328962935872,2390487
2022-11-14,978.7396850585938,983.070817399063,964.3988011444767,980.4240143021095,1764788
2022-11-15,977.9215698242188,983.6483011345674,966.7568963620761,983.6483011345674,1703050
2022-11-16,980.4240112304688,984.4182424628758,969.3073912622989,969.3073912622989,1485506
2022-11-17,975.3228149414062,991.8292643328572,972.5316761304477,984.8994411300553,1758031
2022-11-18,971.7136840820312,979.6540942321249,968.2488013326171,977.1516854402977,1130682
2022-11-21,965.505615234375,974.7934521504756,956.2177195735358,965.3612206665892,1108922
2022-11-22,972.1948852539062,974.4086222706211,958.8646449301905,968.3931602572573,1723123
2022-11-23,979.4614868164062,980.8570268316818,971.5691899014272,977.1034142556565,1311376
2022-11-24,996.2567138671875,998.4704508407052,975.7560314746271,982.3490129594713,1994268
2022-11-25,995.0535278320312,998.9996469664832,988.4124350260381,998.9996469664832,1948596
2022-11-28,995.9197998046875,1002.4164981846649,989.3749307372138,994.2354705950637,1427648
2022-11-29,1010.4530029296875,1011.7523189428454,995.1978180941263,996.1602918060162,1179559
2022-11-30,1006.7958374023438,1018.5861422945384,1000.3471919880233,1013.4849837943659,3060171
2022-12-01,1007.1806640625,1018.1528889136036,1000.5877420104417,1015.4098620731972,1878374
2022-12-02,1000.9727783203125,1010.4531220017001,995.9679614245032,1008.9613580661611,2284133
2022-12-05,1000.3953857421875,1006.6995192341592,992.0699630876484,1003.0421889422759,2294634
2022-12-06,994.7648315429688,1000.9727404857679,984.8513045212135,1000.395279710306,1321211
2022-12-07,979.5578002929688,998.229817232953,977.2478394620294,997.6523563975902,2954262
2022-12-08,943.9943237304688,979.7983620697862,938.4119872475851,976.910940570563,10021644
2022-12-09,955.5921630859375,959.5864531642075,943.2243972928017,943.9943646436839,4231753
2022-12-12,950.3467407226562,957.6615187752024,943.3688050330882,957.5652948842784,1875104
2022-12-13,957.3246459960938,958.960804558282,943.0318739633456,943.2243804838213,1863361
2022-12-14,962.7144775390625,965.3612806515168,957.2283647933906,961.5113852152197,1570685
2022-12-15,964.5911865234375,969.2110486907923,960.645008973089,963.4362062954151,1304660
2022-12-16,956.3621826171875,967.3824614120798,950.5391687188906,960.6933150240076,2618988
2022-12-19,950.8760375976562,955.8809132915543,937.1607854408223,950.5391365083631,1547342
2022-12-20,951.2610473632812,953.4747843099856,942.6469530283664,950.8760930534481,1352408
2022-12-21,967.8637084960938,971.6173801192663,951.3092047855474,954.7740872494423,2043630
2022-12-22,972.7241821289062,995.2460928399477,969.2592411569632,981.675176836465,5163443
2022-12-23,963.965576171875,989.2786241426797,960.9819310336009,974.0234386459707,3612433
2022-12-26,962.52197265625,973.8310405196179,951.597917835064,972.0985993192845,2307374
2022-12-27,962.6182861328125,977.6328553431132,955.7365743103238,962.7145100240699,1870105
2022-12-28,957.6614990234375,972.6760678720384,955.736551286707,961.4151706079592,1686511
2022-12-29,963.0032348632812,966.9975249879749,951.9828971199194,961.0782870913314,2162872
2022-12-30,963.8214111328125,969.0187350763267,956.4584621152345,966.3238198376808,1629162
2023-01-02,959.5864868164062,963.8213955118892,950.1542542616434,963.8213955118892,1616012
2023-01-03,971.2323608398438,974.7935259155684,950.9241856363968,955.7365549969049,1810117
2023-01-04,966.419921875,987.4018977714276,963.1956581335776,974.0234884148693,2573870
2023-01-05,978.06591796875,983.552030549673,970.4142392699422,971.2323185276913,2246533
2023-01-06,970.847412109375,983.4557964083663,966.4199970254535,976.9109857894643,1773153
2023-01-09,978.6914672851562,984.9475470315199,972.5797821077583,976.9109142398562,1567316
2023-01-10,973.879150390625,985.5732312712818,972.1467091939794,977.8734404019749,1607654
2023-01-11,989.423095703125,994.2836355328676,970.5104614751059,974.0235144470453,3258157
2023-01-12,994.091064453125,996.5934728946903,982.8301677213411,993.2248145146461,1641398
2023-01-13,992.887939453125,996.1603738409325,981.8676615402405,992.4548732428977,1491367
2023-01-16,996.593505859375,1000.4915719667274,987.5943988157723,992.8880050166543,1437532
2023-01-17,993.9467163085938,997.1229270682154,988.2682144800062,996.5935194451165,1245848
2023-01-18,1001.0690307617188,1002.4165176534848,991.4924629225126,993.9467007533699,1238451
2023-01-19,1001.502197265625,1004.8226850047618,997.1228943150701,999.1440658732178,824263
2023-01-20,991.6849365234375,1008.191387026106,978.691539172743,1004.87089914339,2963571
2023-01-23,1009.9236450195312,1015.313473946049,984.1293042783589,996.1602248685589,2106604
2023-01-24,1001.6464233398438,1011.5117796586103,995.7273035401647,1010.5974765565637,2088556
2023-01-25,1001.0208129882812,1006.4106421797379,991.636694466646,991.636694466646,1753333
2023-01-27,1004.2451171875,1011.5598940653402,995.1978405933033,1005.7368809809745,3448013
2023-01-30,1012.2337036132812,1031.9163643893294,1001.1652543102439,1002.8495835520105,3320916
2023-01-31,995.67919921875,1020.5110715793031,987.5463421706592,1015.4099131713691,5265462
2023-02-01,976.814697265625,1004.7744910668952,967.3824068932212,997.555937462345,4717887
2023-02-02,969.78857421875,977.5846472201632,955.736480282482,972.0504228882154,2117181
2023-02-03,989.5674438476562,993.7060106223695,964.061888588921,969.2110998319404,2332076
2023-02-06,984.9475708007812,987.4499792618204,974.7453716968639,981.7233069669722,1215157
2023-02-07,968.6337280273438,989.9043770951268,964.3988194937453,987.7388108836889,2360600
2023-02-08,982.3065185546875,986.088373840429,967.1792157833545,974.3549633294211,1815142
2023-02-09,976.2943725585938,990.2580823029432,971.0580257938252,972.6095227939455,1474402
2023-02-10,976.100341796875,983.6155194567218,966.5003439106224,976.2942937026786,1530150
2023-02-13,984.4883422851562,986.5246894739657,971.6398118391791,977.7004394080362,1355766
2023-02-14,976.245849609375,987.2034519769164,972.851898307033,987.1549787954743,1832842
2023-02-15,965.23974609375,975.9064498777701,960.5366639138539,971.6397446898372,2251350
2023-02-16,964.9973754882812,979.3974027353612,961.1670470760641,968.6337519835859,1678410
2023-02-17,954.6699829101562,966.3063869679743,952.2457320647775,962.1366873510851,1847026
2023-02-20,954.5730590820312,961.6033866995708,945.4093788330414,960.1488361580109,2157871
2023-02-21,942.1608276367188,960.7790860209911,939.7851091499298,960.0033375853573,1771813
2023-02-22,939.2031860351562,948.3668654371243,936.730462180227,942.1122868493806,2605147
2023-02-23,943.03369140625,947.6397685622188,934.8397107337312,943.5185416331941,2835983
2023-02-24,941.0941162109375,953.5547410614063,934.5001661828395,941.1910625640446,1823835
2023-02-27,935.8092651367188,943.0820174058282,930.9607636239791,941.0941436227669,1548675
2023-02-28,927.6153564453125,946.4275674229216,925.0941591408475,939.6396647877161,3819644
2023-03-01,930.2334594726562,936.7789363113316,922.184959048928,922.184959048928,1862513
2023-03-02,936.0516967773438,937.7001991403989,922.2819405474272,930.9122969749566,1510195
2023-03-03,937.6032104492188,940.3668325317564,929.1183331255241,937.7486299775692,2215832
2023-03-06,936.003173828125,949.8214025015783,934.5970966171736,940.6092500526095,1989152
2023-03-08,928.4880981445312,935.7608508715118,918.3062443267582,930.9123490535247,4734482
2023-03-09,923.83349609375,930.3305000003139,918.451671216706,928.4880457391446,2994556
2023-03-10,926.59716796875,928.4880955095613,917.4334877215974,917.8213915402608,2001392
2023-03-13,925.1910400390625,930.8153491732021,918.8395148598503,926.160740346906,1412106
2023-03-14,928.1972045898438,934.5487301665236,921.5062483726919,924.6093013891365,1879695
2023-03-15,922.572998046875,935.6639536428697,920.5850648484599,923.1547946212594,2189113
2023-03-16,938.088134765625,940.6093319811466,922.8638275551596,926.3062519329798,2228093
2023-03-17,928.6820678710938,939.3487720753051,923.8820391420358,939.2032933436492,2218687
2023-03-20,932.075927734375,933.4820049877362,918.645543247467,921.215272682431,1955757
2023-03-21,927.2274780273438,935.7608291921407,924.3668501838426,935.7608291921407,1687239
2023-03-22,942.5972290039062,944.8760603756654,927.6153465109187,928.0032503316731,1626129
2023-03-23,948.0275268554688,953.1669266347953,942.548696457907,945.4577973729006,1857923
2023-03-24,943.3729858398438,949.3366668184939,938.6699626969378,947.9790626196066,1534322
2023-03-27,953.65185546875,960.9246083562755,933.8214707582678,950.3063773033255,2473222
2023-03-28,954.3790893554688,957.8699869157161,946.718432971944,957.0942384785292,1394675
2023-03-29,961.8458251953125,966.3064232439393,949.336666689229,955.7851978543445,3045795
2023-03-31,953.3124389648438,965.0458493089379,951.663995634535,965.0458493089379,1822710
2023-04-03,949.3850708007812,958.0639003588047,946.6214486086855,951.2759982307566,1671570
2023-04-05,966.936767578125,968.7306896253275,945.7487785448009,955.1548841651127,1544121
2023-04-06,981.4337158203125,983.2761701882846,963.3003663420195,966.936742711059,1423990
2023-04-10,978.0397338867188,986.1367671928068,976.1488655827366,984.2458397030131,1110974
2023-04-11,978.6701049804688,991.2762098749411,977.0216025032596,978.0397760614196,1786844
2023-04-12,985.894287109375,989.2882380914274,974.7912070594988,984.7306349355097,3246327
2023-04-13,973.0943603515625,992.827739998765,971.639809738182,991.3247162021016,1445693
2023-04-17,968.439697265625,979.3003524158926,964.9002675115838,969.1669724874847,1768817
2023-04-18,974.3548583984375,975.7609356832921,958.3548033040033,968.7306084448287,1217390
2023-04-19,965.3367309570312,978.8155899505963,962.9124800003335,973.0943340184639,2174563
2023-04-20,957.8215942382812,971.7367716546347,953.9427925405307,968.8276703813217,1638094
2023-04-21,959.4700927734375,964.173116137911,955.1064408817671,964.173116137911,1216575
2023-04-24,949.4821166992188,952.7305891813902,930.1850561549604,945.4578365922193,3485350
2023-04-25,943.03369140625,953.1185998010145,937.7003389098651,950.3064448104113,2377746
2023-04-26,941.821533203125,947.203358698551,934.0154566569832,946.2336582782647,2911028
2023-04-27,949.0457153320312,951.857810749466,934.3547318048949,938.6699100674705,2777173
2023-04-28,957.724609375,962.4276325701607,949.4821560985805,955.106406497092,2009995
2023-05-02,943.5669555664062,958.9367423068625,940.9002794856706,957.724616815619,3152556
2023-05-03,934.4031982421875,942.936608348064,930.4274506318937,941.0941540784293,3087472
2023-05-04,944.4881591796875,946.3306135546715,935.9063345904193,938.3305855123384,1197830
2023-05-05,941.0457153320312,947.6396658667221,938.5244589136587,944.4881397331158,1062645
2023-05-08,932.706298828125,939.63968030865,931.8820771688469,932.8517775613223,2676958
2023-05-09,928.4396362304688,937.5547842474123,920.7305064091535,932.7548147380062,6902170
2023-05-10,924.900146484375,930.8638270822443,922.7667939591155,928.0031993224061,2180917
2023-05-11,931.9304809570312,934.6941623812833,923.154704895762,924.9001536350835,1296607
2023-05-12,927.0335083007812,933.9183569161386,923.1547070108198,931.8820099132331,2014927
2023-05-15,924.1245727539062,926.7912491180965,919.3245434611997,924.1245727539062,1814239
2023-05-16,912.4395751953125,933.3850795177308,909.5789472660018,924.1244528192962,2625163
2023-05-17,907.591064453125,916.6577391515326,900.7061563805246,912.7304645277788,2956985
2023-05-18,901.48193359375,914.4274092981426,894.5000793950325,914.4274092981426,3014019
2023-05-19,897.797119140625,906.0881051630033,896.2940953117916,903.7608004574555,1309343
2023-05-22,909.045654296875,914.1850545937313,894.8879929067663,897.7970941147017,1382485
2023-05-23,903.3728637695312,927.22752898381,900.9486127834754,909.0941197709491,3057684
2023-05-24,923.3001708984375,925.8698412002624,904.3424825497042,907.1546371140663,2953574
2023-05-25,916.3668823242188,922.8638868720404,914.1365832308574,920.9244860628886,2331464
2023-05-26,940.512451171875,947.1064021215799,908.6092840140252,915.3487136995315,4137189
2023-05-29,939.1063232421875,943.7608731219377,917.7244421922824,940.5608737787228,5344765
2023-05-30,930.5244750976562,938.1366587076865,927.3244756322479,935.7608809034629,2624815
2023-05-31,945.7972412109375,949.6275695460721,931.6396393484561,935.7608659601979,5595631
2023-06-01,957.7730102539062,960.4396861126144,945.4578044510738,950.1123541127479,3261906
2023-06-02,969.3123779296875,973.2881845962108,951.2759763640802,956.6578010904462,3734815
2023-06-05,978.1852416992188,986.8640717898713,968.2458129731548,974.8882367889308,3629780
2023-06-06,983.082275390625,985.1671549709881,973.5792230979478,978.3307788371948,1632644
2023-06-07,983.8579711914062,986.6701259371989,979.397373166163,984.2458750135203,1608613
2023-06-08,957.09423828125,985.2155482206181,953.457861995987,984.2458478778813,3395935
2023-06-09,954.13671875,960.6821964385631,951.2760907378353,954.1851919327522,2306206
2023-06-12,955.5911865234375,959.9063647590509,951.324481466375,957.9669641305335,593319
2023-06-13,958.160888671875,965.8215450833064,955.688164625541,960.0033430044913,2413311
2023-06-14,956.8032836914062,964.8517842251681,954.4275061543937,961.554779579623,2139387
2023-06-15,958.4518432617188,964.6578899490977,955.8336404969097,958.5487896217512,2731724
2023-06-16,961.9427490234375,964.5124786301336,957.2881991717769,960.0033483197612,3611214
2023-06-19,971.44580078125,976.1973561803007,963.6397247849346,964.9973289520384,1327862
2023-06-20,961.8943481445312,977.2156030180452,959.615516634934,977.1186566498993,1445688
2023-06-21,961.8458251953125,963.7366935770434,953.7972647378558,961.8942983768775,1396686
2023-06-22,960.2942504882812,966.0155062616875,957.191197512634,957.191197512634,5384143
2023-06-23,961.409423828125,965.7730754030499,947.688140201536,963.88214788342,1218237
2023-06-26,964.8033447265625,973.385168879839,961.4093936083025,963.8821175858727,2066932
2023-06-27,971.44580078125,972.948824489664,956.124547057052,969.651878804403,4647465
2023-06-28,990.8399047851562,994.4763406467757,964.8519446459271,964.8519446459271,5296330
2023-06-30,1019.7369384765625,1023.0339435804375,989.1429020483582,990.7914046002957,4765060
2023-07-03,1001.4095458984375,1021.7248401019388,998.7914021927976,1021.0945111738018,2338356
2023-07-04,1017.0217895507812,1021.9672377349904,998.6944289889461,1008.4883789952478,1549174
2023-07-05,1013.0460205078125,1025.6521264541454,1011.0582055931043,1023.033982567793,1840716
2023-07-06,1010.9125366210938,1024.5852868233724,1008.488285933753,1008.488285933753,2551103
2023-07-07,1004.3185424804688,1019.3488969676285,997.5791728171313,1002.1852491922285,1721224
2023-07-10,1013.3368530273438,1019.1550550542951,999.8579946572487,1004.6095499869169,1221769
2023-07-11,1039.76123046875,1042.1854814141188,1017.2642290443772,1020.1247978112614,4369937
2023-07-12,1046.064208984375,1050.9127105323905,1037.5793312753476,1042.4278328233631,5088473
2023-07-13,1043.0582275390625,1049.1188548566422,1039.2278400513758,1049.1188548566422,1541690
2023-07-14,1040.4398193359375,1047.276253338318,1032.7307498197301,1047.2277209779452,2641580
2023-07-17,1044.948974609375,1048.2945115232849,1038.0641264501655,1041.1671199279008,1254025
2023-07-18,1034.8157958984375,1046.2097754923402,1032.1005874550683,1045.7733392934258,2238739
2023-07-19,1049.0703125,1053.0945926748784,1031.6157059915765,1034.815764533438,2311282
2023-07-20,1064.3914794921875,1071.0339023831207,1049.5066046589668,1053.1429805158582,5218991
2023-07-21,1063.90673828125,1070.7430545690172,1057.312728703802,1069.9673653297787,1879610
2023-07-24,1067.058349609375,1073.797720077197,1059.3976927335884,1060.8522433414605,2130036
2023-07-25,1061.87060546875,1076.3675809445247,1057.7493782444128,1076.3675809445247,1702900
2023-07-26,1078.306640625,1080.6339448186563,1060.9489830773082,1063.809669738622,1321572
2023-07-27,1100.5614013671875,1120.3433128372778,1082.47658393748,1093.822031059929,6366612
2023-07-28,1107.957275390625,1113.163497444458,1091.511353647341,1099.5882618570351,2677679
2023-07-31,1112.6768798828125,1114.2338641445208,1096.7175239221615,1109.3682140827543,1718336
2023-08-01,1112.7254638671875,1121.678331245015,1105.475692799362,1112.676878640795,1448567
2023-08-02,1104.7457275390625,1113.5526007184424,1096.1821368365686,1113.2119102185845,1731918
2023-08-03,1110.34130859375,1138.2700915391981,1092.1924106855856,1099.8801612954303,8460399
2023-08-04,1108.346435546875,1114.2339199325036,1090.9275024858396,1098.6638389552809,3527805
2023-08-07,1129.609375,1135.3994511042588,1103.0428779315855,1108.346389025729,3353219
2023-08-08,1117.785888671875,1133.307265911232,1109.3195857128953,1130.971729964262,3073468
2023-08-09,1121.8243408203125,1128.1496859855426,1109.6602155025623,1120.2186525203122,1306791
2023-08-10,1119.3914794921875,1126.7872436877242,1112.8714372589293,1119.6833472161861,1443067
2023-08-11,1101.923828125,1120.0727279705043,1100.123561225591,1119.1483019057598,1756630
2023-08-14,1103.7728271484375,1111.314585500124,1090.3922881373808,1100.6101542912786,1824622
2023-08-16,1112.9202880859375,1114.7205550540673,1091.7060039044507,1104.4539847480569,1224080
2023-08-17,1114.039306640625,1118.0777012357248,1106.9354099005332,1112.9201833472835,1964341
2023-08-18,1104.4053955078125,1118.4184929756232,1098.66390404923,1110.3414654740225,1473774
2023-08-21,1106.8380126953125,1113.1633572777744,1096.863430853738,1099.5881233997102,941384
2023-08-22,1106.984130859375,1116.1801622739383,1099.636951499172,1104.5026017270445,1438879
2023-08-23,1093.506103515625,1100.0747308356074,1080.7581246230484,1097.6906099170592,3050418
2023-08-24,1088.2513427734375,1102.653595714422,1083.2882846670682,1093.4088605763154,1575291
2023-08-25,1076.5738525390625,1093.1170638609374,1070.6863680525134,1087.9594269327063,1515282
2023-08-28,1086.986083984375,1093.9439864357935,1075.4545185793002,1080.222878784555,1959645
2023-08-29,1081.7313232421875,1094.8199934882505,1076.7196798034433,1094.8199934882505,1749707
2023-08-30,1084.942626953125,1089.0784293242605,1080.6608313284817,1087.4727411162344,1543173
2023-08-31,1081.7313232421875,1088.7865159965522,1072.0973121367906,1088.7865159965522,4782404
2023-09-01,1079.2010498046875,1087.472653883443,1076.038377656928,1082.1204394795425,2715249
2023-09-04,1079.1038818359375,1084.0668210828383,1072.389261071174,1084.0668210828383,1205294
2023-09-05,1101.48583984375,1105.4756489737154,1077.4494582441853,1080.174269683824,1698118
2023-09-06,1111.655029296875,1118.126367540698,1098.712471599512,1106.4488075663826,2960249
2023-09-07,1102.605224609375,1110.7794232866588,1098.274723929546,1109.3684320076845,1863837
2023-09-08,1100.07470703125,1107.470589700749,1098.177151140428,1102.5562359256578,1789037
2023-09-11,1106.3515625,1109.3682418557607,1095.4524348146128,1100.074802489012,2032253
2023-09-12,1114.4771728515625,1122.797482168927,1106.5461393063492,1111.3632042549293,3989578
2023-09-13,1117.8831787109375,1125.6195153260517,1111.6065372149237,1118.1264612307875,2115524
2023-09-14,1113.066162109375,1119.975361479148,1108.1518080023393,1117.8831081823819,2065163
2023-09-15,1118.9049072265625,1122.7974271768512,1113.2607057825314,1113.2607057825314,2404169
2023-09-18,1116.8126220703125,1125.9113634359614,1111.8496830336203,1118.1263237579255,962842
2023-09-20,1122.1649169921875,1124.9383138175037,1108.3951033201877,1117.1532735834726,2303191
2023-09-21,1115.3531494140625,1125.862883799773,1110.487498645594,1118.1265465940292,2088934
2023-09-22,1101.923828125,1117.153337715151,1097.9827225544493,1111.8011222470036,1585418
2023-09-25,1093.8468017578125,1106.2542090053387,1091.5112660472807,1095.9389361830138,1009279
2023-09-26,1095.598388671875,1099.6369019370456,1088.4459069173322,1094.7712519284746,1966198
2023-09-27,1109.319580078125,1115.1097752912326,1093.0196513424755,1095.8904563342728,2332018
2023-09-28,1101.875244140625,1121.0458593229998,1098.5178740689971,1112.2389845266105,2685663
2023-09-29,1127.5172119140625,1136.0321002723804,1103.8215177835455,1103.8215177835455,2288577
2023-10-03,1110.779052734375,1130.7282152514672,1108.6382145169407,1128.3927985743637,1946966
2023-10-04,1093.603515625,1108.3950437586966,1083.093664357708,1107.5192030213755,1803871
2023-10-05,1089.0299072265625,1098.3233475055301,1081.9261285354237,1094.4308269765886,2348562
2023-10-06,1097.0096435546875,1101.729300929234,1092.922425732684,1097.6907871298718,1056281
2023-10-09,1092.8736572265625,1103.3348043744074,1079.2011336707092,1081.1473936051918,1080276
2023-10-10,1096.23095703125,1100.0261878309598,1089.7110334758065,1091.851871983189,1092093
2023-10-11,1098.42041015625,1103.967203249567,1092.1923548367333,1097.6905627076412,1456045
2023-10-12,1100.026123046875,1102.1183762046749,1091.0732562017097,1098.6637173541023,1221965
2023-10-13,1114.5257568359375,1116.374608671532,1091.851781940842,1095.8415908975444,1934884
2023-10-16,1104.7945556640625,1116.423411849497,1102.605013126114,1110.8279142525175,1144308
2023-10-17,1106.2542724609375,1113.2607612041493,1103.5294608439733,1108.0545392695126,798807
2023-10-18,1122.408203125,1130.582519155194,1103.5781607561714,1106.4488468356283,2178517
2023-10-19,1110.8280029296875,1119.099608733369,1104.5026573151076,1116.569494245596,1765065
2023-10-20,1111.509033203125,1114.2338447062928,1102.6535740032539,1107.421934738656,957910
2023-10-23,1092.289794921875,1118.3210241839502,1087.9594136448613,1104.5026247646847,702730
2023-10-25,1090.1976318359375,1099.344959183968,1082.8991565325377,1094.7712955099528,1800673
2023-10-26,1074.0435791015625,1087.9106821905377,1068.010220361422,1085.9644221078745,2223975
2023-10-27,1081.4393310546875,1089.7109354010188,1077.8873830773257,1082.1204744847464,1250965
2023-10-30,1085.234375,1089.8567418462621,1074.1893748201428,1085.7209399311855,1078813
2023-10-31,1059.349365234375,1089.5163972560224,1039.6434814137826,1089.370403988182,6475786
2023-11-01,1086.2076416015625,1102.1184118864967,1053.5104978678128,1062.6579434836956,3973264
2023-11-02,1102.4102783203125,1106.9840605180532,1080.7581361821267,1097.544628401619,3454692
2023-11-03,1110.438720703125,1114.9150953540764,1101.0966956075974,1107.9086062300041,1741756
2023-11-06,1119.0994873046875,1120.0726172936481,1109.3681874150816,1109.4654766559213,1428537
2023-11-07,1139.4864501953125,1142.0166830592502,1115.7421748067984,1118.1262956321145,1811831
2023-11-08,1145.08203125,1151.1155085650898,1139.5352377284942,1143.4277577548937,1702301
2023-11-09,1144.595458984375,1151.4560730034882,1135.4967172384531,1149.2665305025307,1849169
2023-11-10,1147.660888671875,1149.7531420154876,1138.6594358037894,1142.5033707351447,957539
2023-11-13,1146.152587890625,1155.640605608957,1142.2113637838188,1148.3907156679575,816825
2023-11-15,1149.1693115234375,1152.5752667331749,1139.5353001721223,1147.8069056814845,2246320
2023-11-16,1157.586669921875,1162.7928909033208,1147.9039565621056,1150.2394919789992,2205723
2023-11-17,1162.5009765625,1166.198917767893,1156.0296388481993,1157.830024229148,891965
2023-11-20,1156.0784912109375,1166.0530741527828,1153.4023835923936,1163.8635315557922,1054810
2023-11-21,1169.118408203125,1172.621652452395,1154.3754649142352,1157.051572419832,999135
2023-11-22,1171.7457275390625,1182.1582890871907,1166.7827886431724,1172.621568236049,1401782
2023-11-23,1166.58837890625,1177.3900989573594,1162.6471545948962,1171.2107467525157,1177434
2023-11-24,1163.328125,1177.0979372403026,1160.7494257228234,1167.7559136888467,1376695
2023-11-28,1159.3382568359375,1168.0964257412516,1157.7812727886019,1164.9824576465805,886708
2023-11-29,1169.89697265625,1177.0008699870903,1152.6726171969478,1159.9223890122917,1813462
2023-11-30,1192.911376953125,1198.0690134269157,1160.3115222206336,1160.3115222206336,4672807
2023-12-01,1198.1663818359375,1208.481536674802,1192.0843189839784,1199.9180634534177,1749751
2023-12-04,1198.069091796875,1206.6812690315016,1187.7052329459254,1204.0051613784076,1615837
2023-12-05,1206.243408203125,1210.1845136550069,1187.7539371426167,1192.9601591831754,930042
2023-12-06,1207.0218505859375,1224.1976199659343,1200.1613549119722,1215.0015883813526,1704590
2023-12-07,1206.0001220703125,1208.5302364497845,1195.8795457621345,1197.9230951151585,1478355
2023-12-08,1202.5941162109375,1214.0769790770798,1197.5824728916423,1202.8373987139103,1612113
2023-12-11,1208.0435791015625,1212.8605249791592,1182.4502131501883,1202.7886534594602,1172972
2023-12-12,1185.2723388671875,1216.4124988374256,1180.06611713022,1215.4393688383557,2832873
2023-12-13,1199.966552734375,1206.2918975946466,1180.0660921900944,1185.5643003266944,2448178
2023-12-14,1198.215087890625,1206.5839826310814,1191.354473465843,1205.7081418208531,2341190
2023-12-15,1202.54541015625,1213.0065577663488,1199.8693026280853,1207.6543427100194,3474624
2023-12-18,1219.088623046875,1233.8315664929464,1200.8424353141838,1202.5454128359017,2135393
2023-12-19,1211.498291015625,1233.880283695034,1203.2753890473525,1230.8150188603092,2187458
2023-12-20,1199.0421142578125,1221.278110276504,1195.441462100758,1221.278110276504,1837031
2023-12-21,1200.35595703125,1204.6863383832228,1176.0764089835816,1191.208510495653,1916222
2023-12-22,1210.233154296875,1217.3856360745078,1202.8373900180284,1206.6812060210948,2058127
2023-12-26,1213.979736328125,1216.4125614510272,1206.000117441122,1210.2332093969137,1796483
2023-12-27,1218.796630859375,1221.667435656806,1207.8976222871772,1216.4125098561706,2005268
2023-12-28,1228.2359619140625,1230.6687867331332,1215.9745485840012,1221.2293551609744,2043365
2023-12-29,1225.608642578125,1237.7727686856942,1218.894139998982,1228.1874610709883,1840160
2024-01-01,1226.38720703125,1229.9877408807465,1218.845448765436,1227.117054605361,733452
2024-01-02,1261.3712158203125,1264.0960276763035,1223.3705558544916,1227.117083063756,3174447
2024-01-03,1263.7066650390625,1269.5941493850125,1256.456893649019,1261.371129150161,1699057
2024-01-04,1277.6708984375,1292.8031164167492,1262.1982275299185,1268.9614330503885,2851729
2024-01-05,1265.2635498046875,1282.5853109281757,1252.4182816119592,1282.5853109281757,2960339
2024-01-08,1270.2265625,1274.751521704104,1264.3877828402258,1270.3238517362743,1678133
2024-01-09,1288.4241943359375,1297.6202258503915,1271.7349901149933,1279.6173198117096,1712486
2024-01-10,1289.251220703125,1297.668818725882,1277.8656475375026,1294.3115678358415,1278475
2024-01-11,1280.88232421875,1296.111832021648,1274.9948403785938,1292.316601377018,1320281
2024-01-12,1290.32177734375,1294.263001669462,1270.4700188165427,1283.5585708285867,1538242
2024-01-15,1293.6304931640625,1303.9943526352304,1286.088734781284,1293.484499888917,1475983
2024-01-16,1278.1575927734375,1295.7713413815482,1272.416220617949,1294.311646333823,824502
2024-01-17,1264.095947265625,1284.969539525373,1259.570868730981,1276.746638038876,2544642
2024-01-18,1299.8583984375,1307.3028667009257,1255.3377009053902,1264.0471668955583,2842572
2024-01-19,1299.7125244140625,1308.27611672197,1293.4358828498341,1303.9943205680163,1605745
2024-01-23,1341.2652587890625,1357.1272080791668,1280.6392062941268,1280.6392062941268,4129729
2024-01-24,1344.962890625,1352.6506410480047,1323.7973140474503,1342.9193414721199,1719845
2024-01-25,1331.533935546875,1352.7481000097969,1312.265912453027,1346.3741692620465,1870910
2024-01-29,1363.209228515625,1382.671829825882,1318.7858172669048,1328.3225394250474,3413149
2024-01-30,1334.89111328125,1371.3347852419954,1332.3609989714878,1364.2310073257513,1935332
2024-01-31,1380.3360595703125,1400.236637305695,1330.1712844837962,1334.8422367310936,5796356
2024-02-01,1370.1185302734375,1392.013958378317,1361.3117737987661,1388.6567069183554,2442481
2024-02-02,1378.584716796875,1395.322506234324,1367.3937211593172,1371.1402481147024,1775449
2024-02-05,1424.4677734375,1426.6086119693616,1385.3478752866788,1388.4619626306335,3481964
2024-02-06,1435.4639892578125,1438.2860899176012,1407.6811999994038,1411.038450866388,1893995
2024-02-07,1455.9970703125,1460.1328728460996,1440.6216874617594,1443.1518017242574,2259235
2024-02-08,1459.3056640625,1466.993414503526,1445.4385621343572,1460.716773778478,2213750
2024-02-09,1502.0740966796875,1506.1844939053128,1460.4313262054602,1468.8969094701536,6343881
2024-02-12,1501.7313232421875,1521.9410332197792,1488.666005284694,1507.0162045136015,4059288
2024-02-13,1509.316162109375,1517.9285705804996,1492.923316488986,1504.7164263491413,4687838
2024-02-14,1487.9810791015625,1512.8395078900048,1475.8944376229008,1512.8395078900048,2105672
2024-02-15,1477.7049560546875,1496.4466512183853,1473.447733471655,1496.4466512183853,2161691
2024-02-16,1477.7537841796875,1489.5468937734802,1472.762553698509,1482.696152474916,3480879
2024-02-19,1497.47412109375,1500.0676398465396,1475.2581940482264,1482.5492921864527,777823
2024-02-20,1505.8907470703125,1509.1204300188099,1480.0047796990566,1499.3336568020861,2230669
2024-02-21,1510.4906005859375,1516.4605083484182,1500.3123325576798,1507.2120554552466,1993748
2024-02-22,1524.828369140625,1527.7154196803929,1502.2698073090346,1516.55847343946,1981678
2024-02-23,1527.9600830078125,1535.0065124651258,1517.3414571651083,1524.779381473929,1340283
2024-02-26,1523.7515869140625,1533.489497809196,1515.6774991230072,1528.6939551064743,974892
2024-02-27,1549.00146484375,1551.6438457126435,1516.0200882963502,1523.5558555650027,2140963
2024-02-28,1540.2911376953125,1553.6011241570739,1529.330000483847,1552.6714285736446,578316
2024-02-29,1544.3038330078125,1553.9439002068711,1523.3112522304841,1541.4167826938724,2350244
2024-03-01,1526.002685546875,1548.1697518181988,1515.0415468158985,1546.3102409261264,4069161
2024-03-04,1519.0050048828125,1535.6425188891246,1515.873285327425,1517.4881267568205,2298105
2024-03-05,1540.6337890625,1542.7869508465562,1502.661180734227,1520.6688673122737,1408172
2024-03-06,1569.7984619140625,1572.4898246137282,1533.0002176230332,1541.4168188994067,1761032
2024-03-07,1571.4620361328125,1585.4081871547075,1566.2751183103958,1576.404404106495,2440999
2024-03-11,1559.6202392578125,1592.3080874417483,1552.5738099522425,1580.7107844537486,2994345
2024-03-12,1550.5185546875,1569.60276278228,1546.4570198405058,1558.2500100852726,1294598
2024-03-13,1525.366455078125,1558.249989309521,1511.0777900244916,1547.4845387329215,2881503
2024-03-14,1536.7188720703125,1540.7315441131234,1513.2796012159763,1533.8318221540753,3062556
2024-03-15,1515.18798828125,1539.948569146976,1508.3372479037293,1535.2998524622299,3421374
2024-03-18,1537.7467041015625,1542.6400905903502,1510.5394274369248,1515.2371262531385,2281873
2024-03-19,1515.4327392578125,1546.06538495528,1507.5544590795064,1540.4379907704451,3692624
2024-03-20,1516.313720703125,1526.687676667462,1488.0789031911143,1526.687676667462,3412218
2024-03-21,1531.8258056640625,1537.355356820522,1509.6588583165685,1531.4344302813563,2567975
2024-03-22,1574.593994140625,1586.435966045501,1532.7065562569476,1535.446900592309,4941447
2024-03-26,1564.024169921875,1580.2701892155053,1559.1307834197305,1561.0392758360333,3649049
2024-03-27,1569.9453125,1591.476214441429,1558.1522025132822,1567.8411322804154,2530169
2024-03-28,1585.99560546875,1599.1587678578344,1573.6641754547616,1575.6215301277823,4427587
2024-04-01,1594.5098876953125,1598.9139352599152,1583.989107402095,1596.8097553077844,1148498
2024-04-02,1587.6593017578125,1598.180083076288,1575.572660601705,1594.510043081471,1921533
2024-04-03,1585.3104248046875,1594.2163644776726,1560.207327781521,1574.6917998304573,2098379
2024-04-04,1584.8211669921875,1593.2867500922491,1553.307803628695,1586.3381646947967,2439461
2024-04-05,1574.69189453125,1603.9053902473045,1571.8537062535825,1576.6492492789582,1548980
2024-04-08,1565.590087890625,1584.3807644376377,1562.9477068682468,1576.649189583435,1170390
2024-04-09,1568.3792724609375,1574.5448674463798,1558.0051980522903,1566.8622749387,1389391
2024-04-10,1569.847412109375,1574.2024784218536,1549.9802146102647,1568.8687347836542,1928878
2024-04-12,1507.1630859375,1560.9903390066963,1501.291021966315,1560.9903390066963,8258068
2024-04-15,1507.2120361328125,1511.1756075501673,1471.7349837140362,1485.240658885407,2474028
2024-04-16,1504.765380859375,1510.3927755230714,1492.6297580389578,1502.2697058737133,2058697
2024-04-18,1484.06640625,1512.5948758343984,1474.3284946167134,1512.5948758343984,3266796
2024-04-19,1490.329833984375,1495.7125591118283,1471.6370020587194,1472.9093303303675,2536516
2024-04-22,1507.2611083984375,1514.9926841035694,1489.4980888870641,1495.859492276388,1680307
2024-04-23,1452.9932861328125,1529.134308853194,1446.1914071761776,1528.6939518525062,9160422
2024-04-24,1454.06982421875,1470.9520079426425,1447.8062654943674,1452.9933030631794,4652803
2024-04-25,1487.736328125,1494.7338947447035,1456.9079930374805,1458.2291835048854,3846327
2024-04-26,1474.426513671875,1499.333806203348,1468.065110447122,1498.3551287841553,1794350
2024-04-29,1489.155517578125,1495.2233891778446,1477.8518652154885,1483.6749479961688,1091667
2024-04-30,1470.0711669921875,1496.5444360783185,1465.0799365926755,1494.4402559632701,1991646
2024-05-02,1486.61083984375,1497.3762902968647,1469.973325507118,1470.9520028210377,2494925
2024-05-03,1478.9283447265625,1504.2271310726476,1469.4840841285493,1494.4403572855776,3183226
2024-05-06,1496.54443359375,1501.2909946572934,1476.5793925614025,1485.6321576856399,1240626
2024-05-07,1483.0386962890625,1510.245974366784,1477.9006402089765,1503.1994257764816,1532550
2024-05-08,1489.3021240234375,1493.2658147230434,1470.2179174070702,1477.8026661904983,1026357
2024-05-09,1462.7801513671875,1497.3273907627686,1458.0335900278492,1488.763963796325,1477007
2024-05-10,1474.426513671875,1493.9020987398449,1459.208032016444,1462.7802284899892,1528487
2024-05-13,1492.5318603515625,1497.3762651872498,1469.9733008570256,1480.7387511296135,1628326
2024-05-14,1512.3011474609375,1514.9435284706867,1483.723817149965,1492.4829314854746,2206236
2024-05-15,1494.8316650390625,1517.1944164501292,1487.9319425957585,1512.3010301690451,1207536
2024-05-16,1503.5419921875,1508.2885532255625,1476.139027634213,1496.3976000705582,2684392
2024-05-17,1498.7464599609375,1504.52067999704,1487.73634019748,1503.248351704062,1341676
2024-05-21,1508.0928955078125,1525.0730440141665,1491.5043613233834,1497.3764257380424,1791791
2024-05-22,1506.4779052734375,1530.6511850249,1473.3007233413673,1514.0136721441947,3948239
2024-05-23,1463.220458984375,1477.8027751625814,1435.719649777157,1477.8027751625814,11618479
2024-05-24,1454.99951171875,1473.594380643623,1445.6042334186188,1471.930677000481,5307322
2024-05-27,1434.7900390625,1468.9947661434142,1429.4073134037467,1454.9996316436734,3474806
2024-05-28,1433.6644287109375,1447.5615988558368,1424.9051950241103,1437.6280001730124,2616438
2024-05-29,1447.414794921875,1463.1226139151,1434.3984580638348,1436.7961697444757,2843365
2024-05-30,1427.9881591796875,1445.8980032453615,1418.5928801073076,1444.5278310026808,3133423
2024-05-31,1428.6732177734375,1447.8552695969877,1409.2953588029184,1433.7622921154689,5503924
2024-06-03,1422.067138671875,1466.0586367610024,1420.060802363294,1464.590620769586,1855318
2024-06-04,1399.36181640625,1444.8214520143524,1347.834428878965,1430.4348229660409,5055952
2024-06-05,1455.5867919921875,1458.2291729077947,1401.4658896670885,1418.788430041499,2487724
2024-06-06,1441.2979736328125,1462.1438473559886,1424.0244153206652,1462.1438473559886,3004955
2024-06-07,1474.7198486328125,1477.9005498211925,1440.7597945007778,1448.3445434884534,3404664
2024-06-10,1480.83642578125,1489.253025684739,1473.007008295692,1486.610645070335,1433942
2024-06-11,1467.771240234375,1492.482841378511,1465.4223908856027,1491.5041641054759,1441589
2024-06-12,1474.7198486328125,1482.255735436517,1463.954398456757,1468.0159330984845,994784
2024-06-13,1478.5859375,1482.3048401251287,1466.0588183678162,1482.3048401251287,1412477
2024-06-14,1483.6748046875,1485.6321593110983,1473.447674566177,1481.5706245736428,937490
2024-06-18,1488.5191650390625,1490.3786757693103,1477.9983842521333,1490.1340064486842,1478241
2024-06-19,1471.9307861328125,1497.2295726259795,1468.0160765952253,1492.4340295489442,1537367
2024-06-20,1439.6343994140625,1456.2229329119687,1435.7196899663018,1456.2229329119687,4168375
2024-06-21,1435.9642333984375,1456.2717868780883,1429.7496565885144,1448.5402125031908,4426556
2024-06-24,1462.63330078125,1470.8542144215198,1443.5980740950315,1443.5980740950315,3726155
2024-06-25,1473.1051025390625,1475.8454469118205,1460.480260271403,1466.1076550457683,1833311
2024-06-26,1488.7149658203125,1496.2997147273452,1463.3672004181599,1469.973272046866,2563493
2024-06-27,1483.9195556640625,1495.4679963656918,1472.9094353005205,1492.4829826134842,3881458
2024-06-28,1488.4212646484375,1506.1352988952065,1483.2832091105179,1487.5894128834045,2634599
2024-07-01,1487.687255859375,1497.376184475942,1471.7837506320977,1488.4212637929415,1451094
2024-07-02,1491.55322265625,1502.171847722658,1476.0900731580844,1481.717467768168,1336816
2024-07-03,1501.2420654296875,1503.493071109948,1466.352313657792,1486.9534000875676,1061099
2024-07-04,1524.6815185546875,1537.502168375852,1493.4616861499364,1502.2697825951198,2630823
2024-07-05,1534.95751953125,1541.1720965669242,1523.8005742846174,1528.6939608430137,2481046
2024-07-08,1523.21337890625,1541.2210651823107,1517.87951592225,1537.1105488275616,1120204
2024-07-09,1551.5950927734375,1555.9991408432998,1516.754203047572,1531.4343632804464,1492840
2024-07-10,1564.4647216796875,1567.0092588897735,1534.1745860931908,1558.837326931395,1899956
2024-07-11,1548.0228271484375,1568.3303812267243,1538.7743744033762,1566.8623652692577,1707500
2024-07-12,1548.5628662109375,1558.4296911037984,1521.760203082645,1553.17718792048,1426598
2024-07-15,1557.3006591796875,1565.6457959912527,1548.5629059246094,1551.1645291711836,832804
2024-07-16,1550.5264892578125,1565.940400116683,1546.255646835007,1560.0497152259618,688481
2024-07-18,1565.2041015625,1567.5112625633976,1541.6413614417536,1546.3048204239847,1665636
2024-07-19,1540.0704345703125,1560.7859849252718,1536.6342018625041,1555.8279440797767,1649335
2024-07-22,1558.4298095703125,1560.5406623688216,1526.7183599967982,1526.7183599967982,826636
2024-07-23,1572.4200439453125,1576.39630396865,1545.6175010590848,1558.0860687939694,1502677
2024-07-24,1589.9449462890625,1595.3447409528383,1562.9951099510995,1572.8129184306918,2923358
2024-07-25,1635.4505615234375,1650.6681644533007,1573.0092045922543,1585.4287561139497,5329712
2024-07-26,1683.0177001953125,1692.3937545721326,1634.6649968354645,1640.0156541418469,4591049
2024-07-29,1691.8538818359375,1697.2536766133046,1661.9095653432662,1683.9996348870402,3187339
2024-07-30,1670.5982666015625,1694.0137158516936,1666.0820986710648,1684.8340888942735,1525840
2024-07-31,1688.0247802734375,1699.4134134881244,1664.3147501841572,1671.0890616162783,1594881
2024-08-01,1683.950439453125,1714.6310905322928,1650.6681650394783,1694.062829987336,5258291
2024-08-02,1700.1005859375,1710.06568408686,1653.1714201852956,1669.027202579052,2992406
2024-08-05,1689.006591796875,1725.9706632469336,1683.754088434864,1693.5718965306942,5165558
2024-08-06,1676.4398193359375,1702.4078730362983,1672.905312649836,1693.5718460136184,1710278
2024-08-07,1702.8497314453125,1705.206029432572,1678.2561932902074,1688.6630462337846,1922313
2024-08-08,1705.40234375,1716.7909767747344,1696.8607790967346,1703.3896452220301,2480113
2024-08-09,1703.6842041015625,1717.9200251494299,1698.5298551014728,1717.9200251494299,751683
2024-08-12,1702.2607421875,1716.643855942033,1698.530046778962,1703.3898141603818,1526788
2024-08-13,1708.3968505859375,1719.9327756914047,1694.1610281153608,1708.2986964691927,2076963
2024-08-14,1709.9185791015625,1721.0617673740014,1701.033414794116,1715.661972895646,2207250
2024-08-16,1710.99853515625,1719.245518067016,1697.155449473692,1717.7237098476257,2180718
2024-08-19,1715.95654296875,1720.9144641379314,1708.936786227169,1720.9144641379314,1363446
2024-08-20,1734.1685791015625,1738.5375757884972,1713.3548730360035,1719.8837396527679,1766597
2024-08-21,1732.4996337890625,1739.6665622222495,1725.2835683739254,1737.7521374669489,1184193
2024-08-22,1718.7545166015625,1737.261060013632,1716.5455098849586,1737.261060013632,1369554
2024-08-23,1743.3973388671875,1748.9934417559498,1719.9818896380893,1721.7981602355794,3515492
2024-08-26,1740.1573486328125,1747.5698416863465,1732.352239132336,1747.5698416863465,933372
2024-08-27,1756.798583984375,1759.9402345995916,1734.953961227956,1745.6062589174462,1231023
2024-08-28,1778.839599609375,1789.7864799977094,1753.8041880679918,1764.1620239187291,1768949
2024-08-29,1766.419921875,1793.5661842643015,1757.6330318800822,1776.9250480719027,3205924
2024-08-30,1788.4610595703125,1794.8426349176113,1758.6640355717989,1765.3892102377706,3036374
2024-09-02,1782.8648681640625,1803.5314027811555,1772.3107241358114,1796.609799921785,1617946
2024-09-03,1778.4959716796875,1806.0349718708212,1772.212550405019,1786.841108725935,2148689
2024-09-04,1799.4569091796875,1801.5677618617533,1768.4817969529986,1778.495913140363,2473477
2024-09-05,1793.22265625,1810.3056663778948,1786.841080960854,1799.8005397633726,1902919
2024-09-06,1791.30810546875,1816.2943774798928,1772.1142439736252,1786.3992017458313,1701134
2024-09-09,1788.657470703125,1801.9606495540747,1779.82144279081,1791.308350984599,1544883
2024-09-10,1802.89306640625,1808.6855968329987,1792.4370773908424,1796.6587825780364,1460472
2024-09-11,1812.0728759765625,1823.657938003068,1797.7388994640748,1802.9423859336382,1701900
2024-09-12,1831.4139404296875,1837.4027793801297,1806.8694202669822,1821.3506871629784,2744070
2024-09-13,1819.9761962890625,1831.0212305214304,1817.6690353297818,1831.0212305214304,1322430
2024-09-16,1829.008544921875,1839.2190894986368,1817.178157856534,1828.0759010741297,1284085
2024-09-17,1832.10107421875,1835.586443897025,1825.3758999014267,1829.05757779554,738265
2024-09-18,1802.549560546875,1833.9665463516135,1796.2661394166694,1833.9665463516135,1202676
2024-09-19,1812.4163818359375,1822.185052254067,1801.5676567274854,1811.5817723304554,1675819
2024-09-20,1831.757568359375,1836.9119176740671,1808.3421197276036,1817.3744553500712,4229991
2024-09-23,1828.7630615234375,1840.8390133897906,1823.657849264819,1832.9847669326607,812520
2024-09-24,1834.0645751953125,1846.3859714125658,1822.185052218532,1822.185052218532,2528953
2024-09-25,1836.47021484375,1841.8208725317234,1824.6888446569799,1839.8573108339285,956893
2024-09-26,1863.8126220703125,1870.2923511285876,1833.0338191587919,1836.4700518249074,2452807
2024-09-27,1913.1962890625,1923.603261920195,1880.3557676611072,1883.0065280101155,3809008
2024-09-30,1891.5970458984375,1924.6339942501181,1886.050080177827,1913.490805983403,2608461
2024-10-01,1884.969970703125,1899.5003742633467,1867.6906528519742,1889.7807205201098,1275678
2024-10-03,1876.0357666015625,1901.0221591886273,1861.5054830651873,1866.1689417381397,2492195
2024-10-04,1875.2503662109375,1916.681465850287,1868.966945452621,1876.0357189018002,2798189
2024-10-07,1870.537841796875,1883.0064098356966,1853.6512602227767,1875.2504375063515,1691999
2024-10-08,1882.22119140625,1886.4427771778294,1866.9054340271446,1869.310749185004,2309881
2024-10-09,1895.6715087890625,1911.5272933062909,1859.9837992649038,1860.0329362453656,1597182
2024-10-10,1853.356689453125,1902.642037255861,1849.5768573744979,1894.444191614771,2383012
2024-10-11,1867.298095703125,1874.5632981802048,1856.0567525721124,1864.4018900473109,1019117
2024-10-14,1874.9559326171875,1880.8466175737017,1860.5728195457734,1868.3289120411089,676879
2024-10-15,1863.8616943359375,1885.4118546015413,1860.13099923871,1883.0555567343888,1383203
2024-10-16,1863.910888671875,1879.8156900335873,1852.6204092303547,1874.170450312827,1401914
2024-10-17,1855.1240234375,1888.602725918727,1845.4043692084228,1888.504571804553,1447059
2024-10-18,1875.544921875,1882.9574148320328,1838.5808508928724,1865.383514593708,1203693
2024-10-21,1862.438232421875,1885.5592188809692,1856.1057940139917,1883.8411024303955,660583
2024-10-22,1853.160400390625,1871.274208245461,1846.7296882002688,1857.5292770201536,1192915
2024-10-23,1805.8385009765625,1855.1239693299722,1798.6224360239994,1845.7970516759176,1673366
2024-10-24,1815.2144775390625,1825.6704666392181,1796.1187697819041,1796.6587971403235,1739776
2024-10-25,1826.5050048828125,1841.428024945741,1816.39261481174,1822.9706180096227,2148004
2024-10-28,1868.230712890625,1881.092017433044,1801.5677724371794,1829.2539431268535,2445724
2024-10-29,1837.5009765625,1887.6699529817715,1828.0759045683556,1886.9827543396239,2295542
2024-10-30,1818.356201171875,1846.631536235311,1786.8410613664823,1834.4574303094903,1900203
2024-10-31,1815.2144775390625,1838.3844795875716,1808.538320408989,1826.1122200442633,2572932
2024-11-01,1824.5416259765625,1830.9722188842948,1798.1808331066618,1826.1124514278856,107596
2024-11-04,1775.9432373046875,1811.3854987030072,1728.032288370669,1811.3854987030072,5031861
2024-11-05,1770.7398681640625,1799.6042483257802,1766.665453779882,1772.1143852853427,1658010
2024-11-06,1794.1553955078125,1806.4767933137703,1769.3654286430447,1782.4722990802666,2060619
2024-11-07,1758.3203125,1811.3856137854564,1746.3917714082022,1811.3856137854564,1909269
2024-11-08,1776.6304931640625,1781.9812703759778,1758.3202574659497,1767.0091133322758,1644075
2024-11-11,1761.9036865234375,1784.5337804481624,1759.3019436013196,1784.28833526393,1069649
2024-11-12,1768.0399169921875,1791.749947110885,1762.394677432797,1769.070834763287,2471888
2024-11-13,1746.5880126953125,1764.5546489600354,1738.1937390634055,1758.3693820895473,1810332
2024-11-14,1735.9847412109375,1763.2782950528315,1731.0268201398587,1747.2752202716879,1473358
2024-11-18,1715.9073486328125,1766.2236133259505,1711.440198170322,1766.2236133259505,1533025
2024-11-19,1744.8699951171875,1773.8325298511625,1698.4808505009055,1698.529987481345,1933316
2024-11-21,1747.56982421875,1758.8111664416415,1726.019783594568,1739.7155778177669,2014349
2024-11-22,1762.5911865234375,1781.8830841144545,1735.8376586860627,1752.4787959528114,1420813
2024-11-25,1766.12548828125,1796.6588469014098,1751.6442216190667,1773.0961079256538,3137448
2024-11-26,1729.505126953125,1773.8325564424485,1721.2581438173422,1773.8325564424485,1589883
2024-11-27,1717.5762939453125,1746.195226923637,1708.5439589375678,1728.032282955618,1982546
2024-11-28,1702.6533203125,1728.6213740446012,1692.0010228025067,1717.5763402527514,3071758
2024-11-29,1748.4534912109375,1763.0820494392226,1707.5131589943421,1711.145819946305,2427677
2024-12-02,1775.599853515625,1780.9505113581984,1759.498623159224,1767.2055790764923,1948045
2024-12-03,1767.254638671875,1798.6224883883845,1755.7677310031033,1797.8861527626796,1543970
2024-12-04,1767.40185546875,1781.7849690307858,1752.4788343417254,1777.514246260893,2320116
2024-12-05,1780.410400390625,1792.6826607805526,1743.053711671461,1775.7469414424525,2742263
2024-12-06,1771.967041015625,1790.7190302004863,1768.1872089302567,1782.766629743128,1590478
2024-12-09,1773.734375,1786.791988238051,1763.9655837538041,1781.7359127992206,1528215
2024-12-10,1776.97412109375,1789.7864085448884,1763.278326794635,1787.8228469337585,2043634
2024-12-11,1780.950439453125,1793.0754088285444,1772.1635488948918,1791.0628300191877,1745911
2024-12-12,1772.55615234375,1786.841111364882,1765.2910700756743,1785.8593305344616,1082394
2024-12-13,1780.410400390625,1783.6994620521598,1741.7283315186073,1771.8689550977524,1391111
2024-12-16,1776.826904296875,1789.2954722693732,1759.694757771215,1785.5646573653587,1483330
2024-12-17,1756.455078125,1782.6685788888542,1750.61341015808,1777.0233389997663,1608164
2024-12-18,1768.236328125,1789.2463410156286,1760.1366366608327,1765.241848796702,1732860
2024-12-19,1790.0810546875,1796.069893846179,1758.1731773665206,1768.1872940025874,1924091
2024-12-20,1775.8941650390625,1792.6825926451384,1761.412898329345,1790.0809694183893,2513418
2024-12-23,1781.5394287109375,1794.695315496196,1763.9165111608556,1778.0050417744042,1299181
2024-12-24,1785.8592529296875,1798.3769579735872,1770.298051412999,1781.8339756691419,1121058
2024-12-26,1807.8021240234375,1811.4347850357149,1781.3431783494407,1786.8411270788863,1402706
2024-12-27,1827.33935546875,1832.0028138641705,1803.285727955528,1811.8763092102502,1668898
2024-12-30,1849.5770263671875,1861.2111058420678,1821.203534926565,1828.1251380786869,6021550
2024-12-31,1851.982177734375,1875.2013174935396,1834.7519966986865,1842.6062430546804,1844944
2025-01-01,1855.5166015625,1868.279752145062,1844.4225502715858,1855.4675844295723,1338092
2025-01-02,1843.784423828125,1861.4564790085863,1830.9721358837728,1857.5293556351503,2507223
2025-01-03,1815.950927734375,1849.6750751187951,1810.4038421014109,1843.7843901661874,1515825
2025-01-06,1813.741943359375,1822.6761250123152,1792.3882101414824,1816.7854399866897,1397724
2025-01-07,1819.6326904296875,1831.0213245649607,1812.0238886788145,1814.8710771742071,1615649
2025-01-08,1804.267578125,1828.6648058583178,1795.8733047515968,1828.6648058583178,1298188
2025-01-09,1793.0753173828125,1807.4584298897587,1780.950348625759,1807.4584298897587,1199181
2025-01-10,1752.2823486328125,1801.1749585799143,1740.451842534636,1792.1916406553946,857827
2025-01-13,1715.0728759765625,1753.018727257104,1710.7038795788753,1752.0859636042937,1645287
2025-01-14,1738.5865478515625,1751.5461266334573,1710.3603491674003,1723.0253457636393,1962645
2025-01-15,1724.841552734375,1742.660897998661,1715.858234558533,1740.5010282044454,857867
2025-01-16,1731.174072265625,1743.249903777138,1709.0840050352274,1742.7099962637215,2180496
2025-01-17,1754.00048828125,1759.3020085794478,1735.3956707215266,1746.5879955051507,1163986
2025-01-20,1745.8516845703125,1767.6471701042908,1736.0830136776876,1756.7494273373018,1341246
2025-01-21,1730.5849609375,1772.8506721381204,1727.4433103292388,1739.8137243879141,2489267
2025-01-22,1766.1744384765625,1770.739742949352,1741.5317655342772,1744.6243988768947,2262270
2025-01-23,1800.1932373046875,1806.2312131483095,1753.5096325253005,1755.522211242316,1974760
2025-01-24,1789.0008544921875,1809.5200963633222,1775.2559238402118,1795.677011604518,1277935
2025-01-27,1754.2950439453125,1791.0136707855477,1741.9737664939767,1784.9756947399121,1452975
2025-01-28,1674.42724609375,1747.5699196991352,1662.2531395378228,1747.3736114669007,5972497
2025-01-29,1703.7333984375,1712.2258268806802,1665.1003454069,1674.4272636152525,1433336
2025-01-30,1707.4149169921875,1728.2287412709454,1693.8664142433734,1708.7402970654223,2017991
2025-01-31,1712.1766357421875,1737.604783285706,1674.9672380491663,1710.262211056388,4275269
2025-02-01,1710.4586181640625,1756.406011742349,1701.720864122429,1708.2987481451576,1477972
2025-02-03,1708.8875732421875,1753.362289774105,1679.3851332022368,1748.993293468086,2210231
2025-02-04,1733.088623046875,1743.888212257194,1708.9368384185113,1717.42926663043,2796294
2025-02-05,1720.8162841796875,1741.4828178018327,1703.5859833315424,1741.4828178018327,1787905
2025-02-06,1720.5693359375,1746.595145349593,1714.9395074629483,1731.4340102746485,3421791
2025-02-07,1728.2734375,1731.434021828108,1706.0502398439062,1729.853729664054,1371545
2025-02-10,1710.7911376953125,1728.4709503872725,1702.4944530197406,1719.8285956353361,1237839
2025-02-11,1678.839111328125,1712.865247766241,1674.1969805155488,1703.9759687534727,2779274
2025-02-12,1673.01171875,1693.8521160280418,1667.283144452648,1685.4566856095623,1757284
2025-02-13,1724.8658447265625,1731.1871340852597,1679.0366475867154,1679.0860806988685,2750390
2025-02-14,1679.579833984375,1727.4337363341597,1664.2705205902216,1725.8534442265395,2123774
2025-02-17,1693.1112060546875,1714.0010347583338,1675.184590769234,1679.5797969354383,2277889
2025-02-18,1680.6663818359375,1708.470096198524,1677.5057974240608,1693.1113487394819,2163972
2025-02-19,1655.973876953125,1678.0983287084318,1626.8367959072752,1644.6153538335566,2576319
2025-02-20,1648.7637939453125,1657.3072824664741,1642.5412503018301,1646.6402198086596,1670915
2025-02-21,1623.528076171875,1663.678011340424,1611.9226283269961,1657.406155129458,2244190
2025-02-24,1619.3302001953125,1649.3562310708026,1607.033413416676,1609.7001486845443,2357441
2025-02-25,1593.7490234375,1627.5283579416634,1586.4894692793366,1619.3304186044963,2836717
2025-02-27,1627.23193359375,1632.7630165077305,1585.3042151558923,1608.9100933370894,2744489
2025-02-28,1573.6492919921875,1650.4427848228122,1566.883587155549,1650.4427848228122,3549979
2025-03-03,1565.599609375,1587.6253164421207,1562.7352619144206,1565.7972212573038,1425492
2025-03-04,1547.2283935546875,1570.4392887021725,1536.8575680632582,1565.5008003729204,1717135
2025-03-05,1562.982177734375,1566.7849103356807,1533.9439617981407,1545.3517978963566,2428171
2025-03-06,1594.14404296875,1597.9960880041344,1553.2040226825109,1578.5878046312296,2458676
2025-03-07,1589.501953125,1608.712625117705,1585.8968324147068,1604.0210610536626,980890
2025-03-10,1591.6748046875,1621.2563018528083,1583.0324500235126,1601.996197173065,1600589
2025-03-11,1634.9359130859375,1643.1337309630876,1585.6003447925998,1596.2180941717027,3325416
2025-03-12,1656.2208251953125,1659.5790214100782,1637.6521812129815,1641.553538808838,2389362
2025-03-13,1662.7396240234375,1666.39417780883,1642.985670270717,1651.430533727431,1666929
2025-03-17,1683.3331298828125,1698.988113305472,1667.579280241669,1673.20922911008,2588408
2025-03-18,1683.3331298828125,1683.3331298828125,1683.3331298828125,1683.3331298828125,0
2025-03-19,1711.0380859375,1726.4955790513009,1705.0625871955392,1726.2980877387904,2167448
2025-03-20,1728.7178955078125,1735.533033736083,1701.704387587737,1714.2975332342016,1602232
2025-03-21,1762.5465087890625,1770.744447755042,1728.7178632715363,1737.3602179657948,2483162
2025-03-24,1762.8427734375,1797.609681691136,1755.7312781797848,1772.4233921949142,1182084
2025-03-25,1743.039306640625,1773.8554229504969,1736.8661967573532,1762.8426913735818,1471028
2025-03-26,1737.3106689453125,1749.0149821195055,1724.6187787262288,1746.1999474663362,1762361
2025-03-27,1710.149169921875,1730.74276384903,1698.8400792496468,1729.45870858496,3279881
2025-03-28,1713.359130859375,1719.9273445971887,1684.2220490682523,1710.1491133739123,1956781
2025-04-01,1677.4564208984375,1712.6184360831203,1660.9124838689952,1709.7047759979007,4142445
2025-04-02,1692.568115234375,1697.3089916502065,1665.1595052331504,1674.1475298045243,3369489
2025-04-03,1748.224853515625,1790.3994952571932,1728.470900368556,1733.4093886553233,5715573
2025-04-04,1688.3209228515625,1756.965908263612,1637.652106679919,1756.965908263612,5345276
2025-04-07,1645.8499755859375,1671.1844447395852,1600.1689587010642,1600.1689587010642,5715334
2025-04-08,1667.5794677734375,1688.814969343357,1624.7627945357094,1624.7627945357094,2807382
2025-04-09,1631.8740234375,1659.085142161456,1619.8241602290743,1629.701136815837,3481864
2025-04-11,1666.789306640625,1715.6309098182128,1661.4062818190532,1688.9630718417638,3801939
2025-04-15,1684.0245361328125,1703.284640798261,1675.925463423998,1698.8400012600805,1993085
2025-04-16,1672.27099609375,1681.7528701514327,1661.4063211056914,1670.2956006413758,2205374
2025-04-17,1729.952392578125,1736.3724271494968,1666.6409988418466,1674.147476688508,2683908
2025-04-21,1723.4337158203125,1739.3356244457113,1710.0010514090613,1739.3356244457113,1539511
2025-04-22,1725.9029541015625,1733.4094323730549,1713.1616298866459,1729.4586416439995,961907
2025-04-23,1766.7935791015625,1769.2628231909998,1720.6680271697394,1732.6191444489039,1471029
2025-04-24,1781.7078857421875,1785.6586764991662,1752.0769550648472,1767.9788637479733,2101177
2025-04-25,1765.410888671875,1793.1651698586454,1742.4962297481295,1783.7820417321473,2036801
2025-04-28,1818.9439697265625,1823.289863504098,1759.2870075003652,1765.4108052768893,3216482
2025-04-29,1783.2880859375,1823.289840288355,1774.892656012012,1822.3021426500623,2886160
2025-04-30,1809.758544921875,1816.2773256317075,1781.115311606294,1787.732837972467,2667314
2025-05-02,1802.153076171875,1828.4258090830435,1791.4860140818557,1809.7584202833702,1885257
2025-05-05,1814.005615234375,1820.6232623243093,1798.9926580615574,1805.3139476069537,1219830
2025-05-06,1796.7208251953125,1805.4126130049049,1776.8681259452128,1797.6097772208377,1414772
2025-05-07,1759.3858642578125,1803.9310039587137,1756.8177539245166,1795.5355739714807,2015237
2025-05-08,1745.4593505859375,1766.8924633040874,1733.409486712005,1759.385984797282,2647871
2025-05-09,1723.3349609375,1744.5704610654611,1710.3960248697977,1730.347590354416,1148956
2025-05-12,1665.4556884765625,1691.3334386149006,1603.6258412122231,1674.8388159221133,9221075
2025-05-13,1679.086181640625,1726.9895227050781,1670.49325940907,1689.9508569335937,6988329
2025-05-14,1687.1851806640625,1690.3458856784575,1671.283271640466,1681.0615030870597,1639324
2025-05-15,1718.6927490234375,1722.9398973741272,1663.3816776507115,1680.1725386031462,3880385
2025-05-16,1713.5567626953125,1720.1742890534506,1697.8523451621238,1718.5939968482232,1448249
2025-05-19,1708.9144287109375,1743.2863552168585,1705.3587412785982,1723.5324021832398,2074023
2025-05-20,1686.7900390625,1726.495435050776,1682.3453997846232,1722.3471532855137,2706777
2025-05-21,1710.494873046875,1737.06384391368,1686.7901289680744,1695.284304815932,2754306
2025-05-22,1697.555908203125,1718.593916442169,1686.1973851921566,1712.865221826604,2670554
2025-05-23,1662.8878173828125,1668.7152579047163,1616.4660256565492,1637.6027804711568,8339783
2025-05-26,1655.47998046875,1681.456476474062,1646.4919561117856,1672.2708402491342,2282131
2025-05-27,1662.6903076171875,1671.1844835974093,1640.6646010066513,1655.4800662867704,2800622
2025-05-28,1645.8994140625,1666.1472162072132,1642.5412178857619,1662.690274377628,2657712
2025-05-29,1678.8885498046875,1682.3454916540347,1649.8502141564582,1654.393599330459,2377583
2025-05-30,1656.961669921875,1692.5187878196346,1648.5662393071264,1681.0615183885147,3640641
2025-06-02,1653.99853515625,1662.7890687513336,1640.0720217770058,1658.3444291259216,1819538
2025-06-03,1646.98583984375,1674.1475253584147,1637.2076089447585,1674.1475253584147,2556920
2025-06-04,1644.41796875,1648.4675053144101,1628.7135507869755,1635.6274348715776,1700482
2025-06-05,1662.3939208984375,1673.4562071211842,1641.5535242173332,1641.5535242173332,2037073
2025-06-06,1658.5419921875,1668.221478240123,1648.4675234948284,1664.270687291064,2500047
2025-06-09,1673.554931640625,1677.900825438661,1652.714535222693,1659.2333156354666,2589656
2025-06-10,1668.02392578125,1685.9012300567622,1657.060384844606,1680.8639958950585,2369135
2025-06-11,1669.8017578125,1674.1476519371424,1658.6408458073947,1673.9501606186193,1999978
2025-06-12,1666.64111328125,1706.2477667043497,1660.418569580459,1674.0488459876365,3588365
2025-06-13,1667.0361328125,1679.085995849407,1640.664533360082,1646.294482275537,2404272
2025-06-16,1664.56689453125,1669.0115339475956,1635.3309476933282,1644.5165840478667,2249326
2025-06-17,1629.898681640625,1661.0111589105582,1620.9106567652464,1659.3321210630993,5408285
2025-06-18,1627.7257080078125,1640.8621348253478,1618.342580443447,1624.7626150927497,1455885
2025-06-19,1627.3306884765625,1634.9360330239078,1615.8734193965106,1627.8245373211214,1696525
2025-06-20,1644.615478515625,1649.4552215428482,1625.3553726353343,1627.3307681102358,2567882
2025-06-23,1642.04736328125,1646.4920027608084,1626.935540823327,1642.738703417312,840643
2025-06-24,1641.2572021484375,1665.6534074162687,1638.3929753042046,1649.9489900420535,2066326
2025-06-25,1649.0599365234375,1658.1468270472878,1637.701413795043,1641.2571011441332,1372945
2025-06-26,1649.257568359375,1658.2455927743497,1630.096210019672,1654.1960565619502,2102627
2025-06-27,1666.8385009765625,1674.8388276884205,1647.6771427867952,1649.652538052368,5313904
2025-06-30,1655.0850830078125,1683.5308266339262,1651.0355463182423,1675.1353957002866,2160184
2025-07-01,1646.6895751953125,1663.579302504611,1637.1089556281138,1655.085005736995,3298070
2025-07-02,1656.86279296875,1661.307432353763,1635.6272936847988,1635.6272936847988,1611046
2025-07-03,1659.0357666015625,1671.9747028339111,1653.8997868257081,1656.862879904524,1553777
2025-07-04,1655.6776123046875,1665.949571368782,1651.035361027106,1665.949571368782,1264399
2025-07-07,1664.6953125,1667.1726850940636,1647.948249571039,1659.5423049250728,1550620
2025-07-08,1657.3623046875,1666.7763207679372,1634.174072464699,1664.7944226457398,1860328
2025-07-09,1654.2904052734375,1665.5872488892664,1632.0931218637404,1644.9754598019483,2178705
2025-07-10,1647.4527587890625,1655.4794217214996,1632.2911902768808,1646.9572842751409,1741718
2025-07-11,1656.8668212890625,1664.6953430229341,1647.155472156088,1650.7229855293185,1298302
2025-07-14,1667.370849609375,1681.5414694298722,1660.335135537878,1665.1908100825879,1309704
2025-07-15,1711.864501953125,1715.233752951798,1672.622943351807,1689.5681480926646,3332578
2025-07-16,1685.6043701171875,1715.630175360839,1682.6315229035768,1714.3418931820895,2285143
2025-07-17,1687.982666015625,1701.459549142473,1680.6496187219768,1688.5772112631182,1461039
2025-07-18,1678.271240234375,1693.928283175325,1671.4336677863535,1693.5318793732522,1253929
2025-07-21,1676.983154296875,1686.00076661255,1662.3170597206067,1665.8844521683452,2390289
2025-07-22,1662.8125,1677.7758064088152,1657.6596133444677,1670.8391630834278,1244491
2025-07-23,1667.271728515625,1674.3074423745163,1656.2722185711095,1663.3079324300008,1229173
2025-07-24,1676.685791015625,1680.6495872118794,1664.893473138676,1667.2717750495208,1079045
2025-07-25,1683.6224365234375,1686.59528367445,1666.974444091583,1674.7038950703998,1088592
2025-07-28,1686.7933349609375,1694.6218562333622,1678.5685308619222,1686.69426425429,2168507
2025-07-29,1695.018310546875,1702.4504282487758,1681.7395693930537,1682.6314477103733,1325544
2025-07-30,1718.1075439453125,1724.7468543203722,1696.6038765721528,1704.4323984091009,2318723
2025-07-31,1691.252685546875,1732.178929463284,1678.6676810702536,1699.9730855230341,3233087
2025-08-01,1614.94970703125,1679.6587319338255,1593.4461598522662,1674.7039864118967,8774548
2025-08-04,1626.7418212890625,1632.4893737589398,1598.9952498505268,1615.0486959049506,1898762
2025-08-05,1617.327880859375,1629.7147436822142,1605.4364925494494,1626.0482806728367,1622897
2025-08-06,1580.761962890625,1614.9497069910826,1576.6000250384952,1614.9497069910826,2376257
2025-08-07,1583.932861328125,1590.869504133396,1556.7808352972597,1566.6903250190755,3435674
2025-08-08,1572.5369873046875,1587.50029296413,1566.5912933235484,1575.6089050018518,1654424
2025-08-11,1593.842529296875,1644.9754777867934,1569.8614889088974,1572.537124012287,1140902
2025-08-12,1607.5174560546875,1621.886216882201,1595.5269970744744,1597.1124913175224,1679088
2025-08-13,1624.9583740234375,1628.6248372879757,1602.6620193906542,1609.4994713723352,1313668
2025-08-14,1626.5438232421875,1636.1559808087113,1617.4270192438462,1624.9583289276168,1738094
2025-08-18,1617.9224853515625,1634.669548694632,1610.688629777299,1634.669548694632,3080173
2025-08-19,1611.8775634765625,1623.1744058790673,1604.4454462335266,1618.021519643409,2656391
2025-08-20,1618.31884765625,1621.688098574152,1601.3736433216193,1619.2107259823797,1831706
2025-08-21,1625.3544921875,1637.5432132044923,1609.2020961584615,1616.0396684127388,1727099
2025-08-22,1626.940185546875,1636.4532721570129,1620.3007543861788,1627.138326969092,2098310
2025-08-25,1641.7052001953125,1645.4708548738895,1619.2107057295607,1634.2730825129552,1904984
2025-08-26,1585.8157958984375,1632.4894714540349,1581.752808065144,1630.1111695667423,4502371
2025-08-28,1571.347900390625,1585.5185205542641,1553.4117463199477,1578.6809477412812,4993739
2025-08-29,1580.0682373046875,1587.2030219750068,1561.537538724676,1566.6904253237446,3176534
2025-09-01,1549.150634765625,1585.716556439753,1542.1148000265914,1584.5274660146672,9366820
2025-09-02,1551.033447265625,1556.0873843317756,1543.898662295886,1551.8262549135798,2855840
2025-09-03,1564.4112548828125,1566.7895568537258,1544.1959905437068,1547.9615244459783,2091370
2025-09-04,1567.978759765625,1582.5456626891018,1546.8714962164609,1582.5456626891018,2298657
2025-09-05,1579.1763916015625,1584.8248738005864,1561.2402378793163,1568.0778105594711,1814479
2025-09-08,1566.6904296875,1589.9777320895596,1563.915723993837,1583.1401595316079,1369139
2025-09-09,1577.2935791015625,1582.5456575346689,1563.2221507582594,1565.6995234219016,1709406
2025-09-10,1578.978271484375,1587.1040054678326,1568.0778317202203,1577.6899893078808,2408379
2025-09-11,1595.130615234375,1602.3645915850425,1576.5999166430443,1578.0863401973904,1762484
2025-09-12,1601.9681396484375,1607.8147629796363,1588.5903280612417,1595.4279003988995,1878894
2025-09-15,1587.5003662109375,1602.4636725607827,1580.9601267230105,1601.9681980394935,2005917
2025-09-16,1595.9234619140625,1600.3827326862533,1585.5184967789507,1587.9958694301679,1480567
2025-09-17,1605.53564453125,1607.4184719687219,1592.8515689378683,1598.004455746826,2128406
2025-09-18,1633.678466796875,1636.354101626342,1612.9676088893057,1620.3006555458958,1832386
2025-09-19,1641.0115966796875,1653.0020557715138,1628.2283299762287,1633.6785496511916,3191406
2025-09-22,1629.1202392578125,1642.8944552548485,1620.4990309033988,1635.065933561673,1785320
2025-09-23,1616.43603515625,1629.1202313289366,1610.3912701698368,1628.3274237060962,1967731
2025-09-24,1612.3731689453125,1621.0935689384155,1610.2922001412987,1615.2469453725028,1131058
2025-09-25,1612.67041015625,1627.9310487919072,1608.0128773250262,1613.1658846511386,2762750
2025-09-26,1572.3387451171875,1588.3921916516852,1533.9890668325556,1570.6541801870806,7256759
2025-09-29,1574.9154052734375,1604.2474735511576,1565.6995305366254,1566.6904796065853,4180922
2025-09-30,1579.8701171875,1589.7796076773784,1571.645191694717,1574.717109553487,2257443
2025-10-01,1621.3907470703125,1636.5523155460226,1597.3107583309259,1597.3107583309259,3109095
2025-10-03,1616.43603515625,1630.6066548976673,1585.5184733128335,1585.5184733128335,4041865
2025-10-06,1639.723388671875,1644.6781340548991,1605.3375040998717,1615.2469948659202,1756916
2025-10-07,1638.1378173828125,1647.9482369734005,1632.0930524925982,1634.47135435781,2174852
2025-10-08,1616.8323974609375,1640.0206287309497,1614.2559542010376,1630.1111385271374,1846507
2025-10-09,1643.489013671875,1647.2546684807023,1617.6252674357627,1630.111201380907,2197566
2025-10-10,1655.7767333984375,1661.425094397898,1634.074925776298,1640.0206198664482,1454056
2025-10-13,1653.29931640625,1659.8395555364673,1640.8133833457528,1647.4526931817174,1375179
2025-10-14,1639.4261474609375,1654.785857875983,1631.300292597572,1652.5066266540177,2108287
2025-10-15,1640.1197509765625,1653.5966338841336,1635.1650057189659,1637.5433076357044,2088737
2025-10-16,1643.984375,1647.8491002554774,1628.3273325661996,1639.0296300482219,2895957
2025-10-17,1663.902587890625,1676.6858553068018,1641.7053041473712,1643.1917277779623,1594147
2025-10-20,1673.3165283203125,1681.541453756041,1667.569096455328,1669.6500652506752,1647622
2025-10-21,1675.1993408203125,1680.6495605035493,1668.75817210376,1674.7038663036546,74296
2025-10-23,1674.6048583984375,1696.5048086629686,1666.9744779764585,1689.5681651696036,2687094
2025-10-24,1683.6224365234375,1686.4962129625083,1670.7400988690497,1674.7038950703998,994307
2025-10-27,1678.271240234375,1693.0364048620254,1674.7038479466332,1685.6042871936231,2067904
2025-10-28,1671.73095703125,1687.2888078895205,1664.0015064726656,1676.6857020135594,2440939
2025-10-29,1700.3695068359375,1706.414271875389,1672.0283880698914,1674.7039021308985,1016738
2025-10-30,1687.982666015625,1701.3604784288011,1664.8935043533659,1700.2704586474867,1986233
2025-10-31,1675.3974609375,1689.568080319914,1671.532856529075,1684.6133352163367,1560918
2025-11-03,1690.9554443359375,1697.2975423035919,1665.9834562693216,1672.9200994602497,1099955
2025-11-04,1674.7039794921875,1695.712052032175,1666.9745281237292,1691.5501141971386,1597993
2025-11-06,1670.6409912109375,1708.2970542910004,1651.9120303806567,1683.6223992901835,3389867
2025-11-07,1676.0911865234375,1694.5228139913045,1667.8662613208062,1678.6676297668243,1512908
2025-11-10,1682.433349609375,1687.6853070080012,1670.5419609801618,1682.1360165074605,1235665
2025-11-11,1700.567626953125,1703.4414033683042,1679.6586263579263,1686.1988658426885,1315353
2025-11-12,1716.4228515625,1728.3142403443644,1694.7210428425053,1705.8197449515226,1833097
2025-11-13,1721.6748046875,1731.9806984081272,1709.783416771112,1718.8010284146155,1727602
2025-11-14,1741.196533203125,1744.16938032178,1718.9992505240762,1721.674885510141,1667322
2025-11-17,1747.9349365234375,1751.997803163475,1731.8814904083924,1749.8177637855385,1430618
2025-11-18,1742.8812255859375,1748.5295867460572,1734.1608256194957,1748.0341122244517,1429522
2025-11-19,1767.9521484375,1774.0961050312974,1735.2508302956865,1746.0521989659226,2131124
2025-11-20,1761.3128662109375,1775.7806981523456,1757.051736908428,1773.7988000517291,1513894
2025-11-21,1763.5919189453125,1771.2222989631728,1757.646224837323,1761.9073540008978,2199311
2025-11-24,1764.68212890625,1769.7359449033265,1755.7635873941877,1769.7359449033265,3434492
2025-11-25,1760.71826171875,1775.8797090989474,1750.115034658016,1768.8439952716303,1848114
2025-11-26,1788.56396484375,1790.5458629440886,1757.5472111872652,1759.4300385756792,1158948
2025-11-27,1793.9150390625,1798.473380310005,1785.78918461086,1785.78918461086,2902053
2025-11-28,1815.022216796875,1816.4095696301642,1791.1403693979933,1793.9150750645715,1623103
2025-12-01,1791.0413818359375,1832.2648391510568,1784.6992835646583,1824.3372465533237,1869293
2025-12-02,1783.2127685546875,1798.473407716238,1772.4114000008035,1787.6720391623542,2948688
2025-12-03,1790.34765625,1799.5635310894522,1766.366736876073,1788.6630911984919,2114510
2025-12-04,1801.8426513671875,1806.698204792593,1782.0236709681224,1792.0322318765589,1713961
2025-12-05,1788.96044921875,1803.725493958816,1783.9065120629255,1802.5364034312488,1777401
2025-12-08,1779.942626953125,1789.6539759841844,1769.537661976473,1788.9603600385915,2410074
2025-12-09,1759.925537109375,1784.8974051281207,1755.9617408546242,1779.7445183831294,2401728
2025-12-10,1769.3394775390625,1775.4833130849672,1751.8987989571958,1771.7177793832846,2321746
2025-12-11,1790.843017578125,1794.1131977248665,1759.0335782821423,1761.9073546284521,1280916
2025-12-12,1777.26708984375,1795.4015055252444,1774.7897172624232,1791.6358508154447,1442309
2025-12-15,1780.83447265625,1788.2665903605346,1761.5109666251096,1762.8983194563343,1396948
2025-12-16,1765.177490234375,1775.6815253707575,1762.2046432543352,1773.7986980903086,1533979
2025-12-17,1776.6724853515625,1781.3298972629127,1755.46615256971,1764.880168064721,1910628
2025-12-18,1730.097900390625,1768.8439824804386,1720.2874810005835,1768.8439824804386,3461351
2025-12-19,1729.1070556640625,1744.070362421289,1725.440471527422,1731.188024517041,2768986
2025-12-22,1753.7816162109375,1757.1507460916432,1727.3232049149044,1729.1069615291829,1467257
2025-12-23,1740.0074462890625,1758.5381449802721,1735.8453877351853,1755.9617016652771,1124853
2025-12-24,1721.278564453125,1743.0794443713569,1703.4414808836625,1740.0075263941535,2224786
2025-12-26,1703.9368896484375,1721.278498004848,1692.5409755856535,1721.278498004848,2507337
2025-12-29,1701.6575927734375,1711.8644159697433,1694.8201413720299,1703.9368238842105,1800816
2025-12-30,1704.6304931640625,1707.5042695781144,1691.5500141996688,1707.5042695781144,2639497
2025-12-31,1704.135009765625,1709.9816332743505,1699.9730721983062,1704.630484283899,1428439
2026-01-01,1705.5223388671875,1710.3780132717689,1693.432809175783,1704.4323191352505,877515
2026-01-02,1712.35986328125,1716.3236592610679,1703.8377261177327,1705.5222910229738,974123
2026-01-05,1713.2518310546875,1730.1970355603828,1707.8016112977675,1712.359952719554,1416698
2026-01-06,1744.2684326171875,1746.6467344800938,1710.0806911135992,1710.0806911135992,1658801
2026-01-07,1766.4658203125,1790.2485984276882,1732.6744806002635,1739.1156496731269,3059500
2026-01-08,1744.763916015625,1762.5019279197363,1741.7910689132195,1750.0159942827247,1910656
2026-01-09,1714.2427978515625,1749.2232269834508,1711.369021393247,1749.2232269834508,1585689
2026-01-12,1720.2874755859375,1728.512400727513,1698.5856681466876,1716.4227502668182,2327272
2026-01-13,1713.053466796875,1728.0168932847828,1696.6037377927428,1727.2240857083743,1770082
2026-01-14,1685.3070068359375,1721.3775765750315,1673.9110927211293,1721.3775765750315,2479677
2026-01-15,1685.3070068359375,1685.3070068359375,1685.3070068359375,1685.3070068359375,0
2026-01-16,1653.794921875,1692.541006196116,1644.2818350262407,1692.541006196116,3697596
2026-01-19,1660.2359619140625,1672.028279087265,1585.5183838805988,1635.0658333768674,2975272
2026-01-20,1599.193603515625,1658.9477578382616,1588.2931641139496,1658.9477578382616,5019166
2026-01-21,1598.3017578125,1630.1111983408307,1593.1487501381641,1622.1836058868935,3947877
2026-01-22,1619.408935546875,1631.5976575974692,1598.5990049003235,1599.4908832639828,2279862
2026-01-23,1617.1297607421875,1633.9758944031562,1610.6885919894642,1625.1564237640277,1678658
2026-01-27,1624.06640625,1643.1916501474457,1607.6166763750311,1643.1916501474457,2666522
2026-01-28,1596.0224609375,1634.3722604350364,1585.518425561248,1625.057315491773,4124391
2026-01-29,1574.9154052734375,1610.2922386848204,1569.365993709292,1610.2922386848204,5796513
2026-01-30,1580.8609619140625,1591.959542144137,1570.75320970213,1574.915268012497,3962196
2026-02-02,1613.166015625,1619.2107807603272,1583.7347556598095,1619.2107807603272,2721280
2026-02-03,1686.6943359375,1709.38709313511,1655.8758450021849,1694.4237868317728,8520586
2026-02-04,1688.9735107421875,1713.3508321071274,1679.95589897682,1699.3784753096397,3952775
2026-02-05,1698.1494140625,1705.530094964051,1679.8973229390572,1694.558848739136,3074842
2026-02-06,1690.6690673828125,1704.5327578147578,1685.1834441130752,1704.5327578147578,1277116
2026-02-09,1700.1441650390625,1708.9212106107386,1691.5666697197375,1702.2386513058061,2647031
2026-02-10,1703.3359375,1715.3045700480702,1697.650763988931,1705.1311593314747,1869988
2026-02-11,1706.627197265625,1712.212534636524,1698.0497018298277,1710.5170271002376,1175501
2026-02-12,1710.4173583984375,1714.5066168457884,1696.7530964874413,1710.3176441438634,1359444
2026-02-13,1693.062744140625,1714.5065432563972,1690.1703003747648,1710.417284984564,1148165
2026-02-16,1696.054931640625,1710.51702897011,1688.9735152295357,1693.0627735724559,1247403
2026-02-17,1712.611572265625,1714.5066301221136,1689.4722644688309,1691.566750836012,1053855
2026-02-18,1719.8924560546875,1726.0762006020343,1712.6114894978764,1715.9029120238258,1262429
2026-02-19,1708.9212646484375,1722.4856904371297,1705.530127763458,1717.6981887464262,1143429
2026-02-20,1719.8924560546875,1722.4856353245032,1703.6350154284378,1705.6297874438685,1203988
2026-02-23,1727.7718505859375,1731.262701654805,1715.7033823468744,1728.3702578474986,1550400
2026-02-24,1727.273193359375,1741.3363121779082,1719.1942690316494,1727.4726218669525,2769363
2026-02-25,1759.58837890625,1765.7722453200734,1728.8689623468,1737.4464578227753,1200997
2026-02-26,1781.0322265625,1787.515235908532,1755.6987182112948,1759.5884264179324,2076586
2026-02-27,1732.4595947265625,1783.4259982925673,1726.3755640809347,1774.3498094522479,3041489
2026-03-02,1747.9190673828125,1755.2997485653734,1707.5249320167618,1707.5249320167618,3919270
2026-03-04,1745.92431640625,1752.606754378093,1716.5014273265674,1716.7008558401753,4914857
2026-03-05,1779.8353271484375,1790.2081659578266,1743.4307379408624,1745.4255099522363,3600895
2026-03-06,1794.6964111328125,1800.8801556956626,1767.168581601097,1779.8353352303507,3669921
2026-03-09,1802.675537109375,1810.2556465961165,1765.3732751929072,1768.265719033581,4112775
2026-03-10,1808.0614013671875,1820.329176196971,1798.5862343049998,1805.2686718483699,3298680
2026-03-11,1821.127197265625,1838.1824742226,1813.3475374425432,1818.2347533954419,2510495
2026-03-12,1820.52880859375,1828.8070397708743,1803.6729599723185,1823.2217022324428,2606057
2026-03-13,1796.890625,1828.5078348093941,1792.302673669177,1817.2373241097612,2554627
2026-03-16,1778.5386962890625,1813.247778370909,1764.176435049479,1796.8906233466914,2452391
2026-03-17,1789.70947265625,1801.3788402203515,1776.4441900823388,1789.4102081541055,1979497
2026-03-18,1773.651611328125,1800.281769410607,1768.5648452157923,1794.895860542458,2436459
2026-03-19,1739.8402099609375,1779.3366722824328,1733.3572007850205,1755.8981006464253,2301164
2026-03-20,1772.4547119140625,1776.643806343623,1749.7143831940332,1750.5122189773597,3591446
2026-03-23,1753.8035888671875,1770.360172325736,1736.5487621491013,1770.1607438237093,2783613
2026-03-24,1748.717041015625,1775.2474860634186,1740.5384022106048,1770.360269981955,2040152
2026-03-25,1790.7069091796875,1804.7700279040193,1750.9111820864912,1762.08185696297,1900794
2026-03-27,1788.91162109375,1814.245251484516,1780.3341252885439,1780.3341252885439,2975423
2026-03-30,1752.606689453125,1785.3210000540466,1745.5252729651668,1782.1294134471775,4182503
2026-04-01,1723.9818115234375,1783.3262823279758,1708.7217560446363,1757.493958921637,3245628
2026-04-02,1689.1729736328125,1695.5562686414726,1615.7653854112857,1660.6477572282658,3937824
2026-04-06,1690.17041015625,1694.5589332152347,1650.5742318710768,1679.8974066842584,3533715
2026-04-07,1713.5091552734375,1719.3937570486605,1676.9051376185505,1685.3829186545368,2471378
2026-04-08,1710.1180419921875,1744.6275738623137,1681.0941332206748,1725.477811018551,4859877
2026-04-09,1712.611572265625,1726.375548537777,1698.249188710168,1698.249188710168,3276165
2026-04-10,1650.57421875,1695.556305806745,1626.138260225138,1694.758348256462,8089531
2026-04-13,1647.881103515625,1664.337972545746,1635.8127572437804,1650.5741187712865,3751005
2026-04-15,1692.1651611328125,1694.7583405325704,1653.3668191382837,1670.621646636875,3760449
2026-04-16,1688.67431640625,1709.4199951863202,1662.2435857760172,1709.4199951863202,4512633
2026-04-17,1671.120361328125,1692.464447589694,1666.133430975012,1692.464447589694,3146482
2026-04-20,1664.23828125,1675.6085061778801,1660.647715944149,1675.6085061778801,1834532
2026-04-21,1660.84716796875,1678.5009737453106,1655.561095062034,1662.8419400281655,3631490
2026-04-22,1665.435302734375,1669.524561257251,1648.0807608250266,1660.8472294269625,2169514
2026-04-23,1675.708251953125,1708.522276833327,1656.8576315537557,1664.6372913221383,3245164
2026-04-24,1616.164306640625,1668.9260506484607,1609.3820331070247,1666.0336068840952,9606128
2026-04-27,1728.96875,1762.2814690430637,1617.6604890892131,1620.752361551774,26995361
2026-04-28,1742.732666015625,1759.289249830796,1709.8189268916053,1719.4935227215092,16599167
2026-04-29,1774.050537109375,1785.121619781898,1745.42560587354,1751.409922236535,9809449
2026-04-30,1803.5732421875,1810.255680019312,1756.7958121111358,1766.3706938370256,4749798
2026-05-01,1803.5732421875,1803.5732421875,1803.5732421875,1803.5732421875,0
2026-05-04,1818.7333984375,1836.1876537008156,1805.2686872343706,1815.2425473848368,4206373
2026-05-05,1816.04052734375,1826.9119376411513,1793.8984844853044,1823.720351054043,3011421
2026-05-06,1845.3636474609375,1852.943878950574,1813.6468436670452,1832.1982001127149,3247156
2026-05-07,1829.60498046875,1852.2455949299965,1821.5261778758204,1845.3636068874173,2201070
2026-05-08,1843.0697021484375,1852.6445838574284,1814.4446495247767,1817.237379159211,2837885
2026-05-11,1867.8048095703125,1880.870664243333,1820.2295436237603,1822.4237442361311,2564978
2026-05-12,1840.8753662109375,1874.487348825803,1835.1903144806995,1870.098825897452,3263351
2026-05-13,1820.0301513671875,1855.1380923717963,1815.242649525091,1840.8754228536075,1972365
2026-05-14,1858.32958984375,1862.6183984442716,1824.9171580644283,1847.15891508369,2429220
2026-05-15,1873.2904052734375,1882.9651228793568,1858.3296147241836,1869.1014326201364,2756465
2026-05-18,1900.818359375,1906.0047180706204,1860.1249603357965,1873.2904073331254,3456331
2026-05-19,1877.3797607421875,1911.5900282976427,1875.0857241876388,1895.532137669472,2200951
2026-05-20,1875.385009765625,1887.9520494527255,1867.1066569770423,1875.085745254722,1376695
2026-05-21,1886.3563232421875,1894.634554573989,1863.216893363148,1887.0544447908255,1605806
2026-05-22,1839.7783203125,1898.0256911488698,1828.3083805078693,1898.0256911488698,3610732
2026-05-25,1835.7886962890625,1844.1667632631095,1820.2294986236748,1835.1902890233214,3049028
2026-05-26,1835.98828125,1840.0775396862894,1811.153344366898,1825.2164632581498,2337759
2026-05-27,1839.4791259765625,1877.0805310597884,1825.2164568753522,1860.1249683456458,1385752
2026-05-28,1839.4791259765625,1839.4791259765625,1839.4791259765625,1839.4791259765625,0
2026-05-29,1794.4969482421875,1847.956938393352,1780.6333794262384,1839.4791568937894,10058572
2026-06-01,1791.8040771484375,1807.3632755109752,1772.4547630143454,1807.2635612540878,2051152
2026-06-02,1785.2213134765625,1795.2948882213368,1761.8824555794397,1789.5100004365775,2885899
2026-06-03,1783.824951171875,1791.604611065623,1752.207862074128,1776.344555793743,4209769
2026-06-04,1775.4468994140625,1788.712182700288,1763.9769597346683,1782.3288875719447,2343536
2026-06-05,1777.5413818359375,1798.1873462636822,1774.3497951544755,1784.3236557230784,2495159
2026-06-08,1784.1241455078125,1798.78567117174,1768.8640908361967,1776.0452214162383,3098542
2026-06-09,1774.3497314453125,1791.9037010655218,1761.483427423542,1783.0269411279453,3756570
2026-06-10,1781.73046875,1792.9011438388493,1766.3706991894119,1774.9481948916955,1882009
2026-06-11,1789.510009765625,1800.281827851599,1774.050525925348,1775.3471764963138,1858093
2026-06-12,1802.9747314453125,1809.757005351862,1787.8145120381441,1802.2766099040036,1243362
2026-06-15,1801.2791748046875,1813.2478071954165,1793.1006580381795,1813.2478071954165,2188933
2026-06-16,1795.9930419921875,1805.169066858537,1787.9142392004271,1803.2740089811539,1373638
2026-06-17,1815.6416015625,1818.6337597319334,1797.8880810567034,1809.2583064507962,1771990
2026-06-18,1820.0301513671875,1825.2165102367674,1807.7622539913339,1812.7491843471719,2054738
2026-06-19,1833.4947509765625,1837.8831520198078,1816.1402100514372,1819.2320823323498,2126703
2026-06-22,1858.030517578125,1860.324432467924,1829.2060360620167,1840.1772827341445,1588758
2026-06-23,1863.1170654296875,1897.4271685009069,1856.33479186575,1865.1118374483488,2812236
2026-06-24,1869.5003662109375,1877.1801898068245,1860.025199092032,1863.1170713805882,1406231
2026-06-25,1857.9307861328125,1882.067479887691,1853.1432843833227,1865.11191700582,1816438
2026-06-26,1857.9307861328125,1857.9307861328125,1857.9307861328125,1857.9307861328125,0
2026-06-29,1869.8994140625,1892.1410499127524,1851.04879337913,1871.8941861612434,1655869
2026-06-30,1857.6314697265625,1887.952029206841,1854.5395974023631,1880.0726552668834,2352774
2026-07-01,1861.32177734375,1882.4664344219946,1855.3374611095492,1872.9912670511767,1230360
2026-07-02,1866.1092529296875,1877.0804992055969,1863.4163593624537,1871.096183055101,1485296
2026-07-03,1899.8209228515625,1920.0677858283739,1866.7076342286875,1875.0857010730883,2168491
2026-07-06,1907.800048828125,1911.989021457903,1895.0334589306287,1899.0230030546934,1213635
2026-07-07,1903.4000244140625,1924.9000244140625,1898.5999755859375,1900.5999755859375,2060613
2026-07-08,1888.199951171875,1929.5,1875.0999755859375,1904.0,2785926
2026-07-09,1938.699951171875,1952.0,1888.199951171875,1889.9000244140625,4446201
2026-07-10,1935.5,1953.9000244140625,1926.5999755859375,1942.800048828125,1478172
2026-07-13,1921.4000244140625,1933.0999755859375,1911.0,1925.9000244140625,1573176
2026-07-14,1942.5999755859375,1950.800048828125,1910.0,1910.0,2822124
2026-07-15,1951.5,1962.699951171875,1943.300048828125,1955.0,2283494
2026-07-16,1950.0999755859375,1957.699951171875,1943.0,1950.0,1396189
2026-07-17,1932.5999755859375,1952.5999755859375,1922.5,1948.699951171875,2475664
2026-07-20,1956.4000244140625,1958.800048828125,1935.0,1942.0,1676034
2026-07-21,1961.9000244140625,1966.5,1938.199951171875,1952.0999755859375,1412579
2026-07-22,1943.0,1951.800048828125,1925.199951171875,1938.0,1718430
2026-07-23,1954.0,1958.5,1926.800048828125,1929.0999755859375,2057288
2026-07-24,1941.0999755859375,1959.800048828125,1934.800048828125,1945.0,1578929
2026-07-27,1973.699951171875,1977.0,1933.0,1948.5,5414380
2026-07-28,1976.699951171875,1993.0,1970.9000244140625,1978.800048828125,4579529
2026-07-29,1989.9000244140625,1992.699951171875,1960.4000244140625,1977.0,2682295
2026-07-30,2001.0999755859375,2017.300048828125,1988.0,1993.0999755859375,2224264
2026-07-31,1990.5,2046.9000244140625,1965.300048828125,2016.4000244140625,4954449
2026-08-03,1963.5,1988.0,1935.199951171875,1983.199951171875,3972351
2026-08-05,1940.0,1968.199951171875,1934.0,1967.800048828125,2151968
